Price,Close,High,Low,Open,Volume
Ticker,PETZ3.SA,PETZ3.SA,PETZ3.SA,PETZ3.SA,PETZ3.SA
Date,,,,,
2020-09-15,14.39868450164795,14.816710837354089,13.757711260774736,14.677369021624667,11936590
2020-09-16,14.352237701416016,14.695948413362315,14.268631720712827,14.398684974852285,2705932
2020-09-17,14.491578102111816,14.742393354097498,13.934209986959152,14.119999062504101,3840257
2020-09-18,14.157156944274902,14.853867757884698,14.119999128990948,14.315078547749533,5386389
2020-09-21,13.887761116027832,14.231472665162364,13.757709658345986,14.073551070545056,3374090
2020-09-22,14.39868450164795,14.491579045467564,13.729842897628853,13.88776273360432,2823376
2020-09-23,13.748420715332031,14.640210988416024,13.748420715332031,14.259342475848717,5034257
2020-09-24,14.147870063781738,14.166448085118272,13.469737188540122,13.748421724874968,4994540
2020-09-25,13.934210777282715,14.110710409061161,13.748420802682272,14.03639477462813,2067861
2020-09-28,13.655527114868164,14.222184751426886,13.469737128631946,14.082842928138165,2581768
2020-09-29,13.283946990966797,13.701973288664929,13.144603410871097,13.701973288664929,1718938
2020-09-30,13.283946990966797,13.655525132460431,13.163183206463572,13.395420433414888,3062677
2020-10-01,13.841317176818848,13.841317176818848,13.02384336535078,13.404711906274626,4789138
2020-10-02,13.488317489624023,13.91563243220272,13.228212741967425,13.655527684546122,2131046
2020-10-05,13.005261421203613,13.646236371636416,13.005261421203613,13.497604228653833,3256345
2020-10-06,13.005261421203613,13.218919738014549,12.74515672589021,13.135314657378096,4663570
2020-10-07,13.358262062072754,13.376841858126065,12.819472855025602,13.014552272666108,3248723
2020-10-08,13.218918800354004,13.358260591530792,13.014550839961379,13.358260591530792,1682933
2020-10-09,13.655527114868164,13.655527114868164,12.986685474564382,13.191053482054505,3881377
2020-10-13,14.119998931884766,14.119998931884766,13.544051914505497,13.655525358801263,4008149
2020-10-14,14.36152458190918,14.565893449558985,13.785578458900803,14.119998788389537,3156151
2020-10-15,14.72381591796875,14.983920634029083,13.98065780933209,14.16644689223233,3911064
2020-10-16,14.835289001464844,14.909604632790282,14.454420502404139,14.816710093633484,1854235
2020-10-19,14.58447551727295,14.844580258506111,14.389396072830142,14.844580258506111,1683535
2020-10-20,15.188287734985352,15.271893705907898,14.584473250951069,14.584473250951069,4404110
2020-10-21,15.327630996704102,15.578447141750225,15.058235943766995,15.188288299003887,3293253
2020-10-22,15.364789962768555,15.968605402947924,15.188289436072687,15.30905323492288,4255273
2020-10-23,15.374083518981934,15.931450913923786,14.844582716751002,15.513424479199312,4797663
2020-10-26,15.782814979553223,15.829263137360021,14.881736178311458,15.048947236269592,3332268
2020-10-27,16.284446716308594,16.433077973026126,15.531998313622704,15.996472767900581,8857464
2020-10-28,15.977898597717285,15.977898597717285,15.281186709748965,15.959319685119574,4825545
2020-10-29,16.721054077148438,16.906843171997682,15.559869568786928,15.968605577455268,4665275
2020-10-30,16.48881721496582,17.036895946415147,16.265870295807286,16.841818280669358,4802477
2020-11-03,17.25055503845215,17.603554342248692,16.470239010918583,16.9718696005242,5969298
2020-11-04,17.566390991210938,18.383864582870714,17.417759752188317,17.42705009314492,6910758
2020-11-05,17.269132614135742,18.086606399924293,17.269132614135742,17.798632417413945,4321568
2020-11-06,16.860393524169922,17.51994741832407,16.721052603828458,17.13907891892417,4920022
2020-11-09,16.721054077148438,17.65000132843048,16.60957884320307,17.371317686156615,4173433
2020-11-10,16.39592170715332,16.906842588885127,16.052211005018798,16.767499884036177,5019514
2020-11-11,16.265869140625,16.77679001592959,16.126526437528934,16.3123155236332,2663507
2020-11-12,16.79537010192871,16.851106831667245,16.275158847333202,16.34018592054609,3745780
2020-11-13,17.650001525878906,17.650001525878906,16.878974108075422,16.962580090210782,4420859
2020-11-16,17.417762756347656,18.02157815753886,17.352735689541916,17.845079419275258,4073240
2020-11-17,17.15765953063965,17.74289607448432,16.730342830666817,17.46421242909063,2670829
2020-11-18,16.721054077148438,17.343448433411318,16.57242280126904,17.204105723756474,2949044
2020-11-19,17.083337783813477,17.129785934788003,16.590997690288734,16.711759684158807,1767782
2020-11-23,17.724319458007812,17.724319458007812,16.906845548717012,17.074055757587296,2044894
2020-11-24,17.343448638916016,17.789344248873498,17.22268661435099,17.73360574272245,2659997
2020-11-25,17.278419494628906,17.649997605959758,17.092628661928035,17.38989292802816,2605638
2020-11-26,17.650001525878906,17.650001525878906,17.20410591621672,17.32486971773761,1481743
2020-11-27,17.88223648071289,18.393159147737407,17.380605933814252,17.70573773235904,4455560
2020-11-30,17.650001525878906,18.23523806971891,17.41776426620143,17.882237008520544,2366436
2020-12-01,16.87897300720215,17.8357894595282,16.73963208211237,17.65000037471801,4379237
2020-12-02,17.36202621459961,17.36202621459961,16.62815844911865,16.94399988983695,2332537
2020-12-03,17.417762756347656,17.55710545548243,17.092630976390314,17.362026032100886,2725288
2020-12-04,17.538528442382812,17.57568626256211,17.14836955346429,17.41776463828215,1766478
2020-12-07,16.674602508544922,17.5571031943508,16.674602508544922,17.538524288661268,4568993
2020-12-08,16.906843185424805,16.9997377329232,16.72105409042801,16.73034265665994,2403345
2020-12-09,16.58171272277832,17.00902945289358,16.395923612743843,16.990450541890134,2010694
2020-12-10,16.210132598876953,16.72105347998359,16.061501328305678,16.60028968412655,3527339
2020-12-11,16.451662063598633,16.72105718979622,16.16368802445763,16.210136195334243,5264131
2020-12-14,16.68389320373535,16.823234110844208,16.247288022254242,16.60957580236567,1234518
2020-12-15,16.813945770263672,16.83252467659467,16.275155709629207,16.683893425946685,2078392
2020-12-16,16.71176528930664,16.91613331266201,16.54455508837952,16.804659845377262,4435100
2020-12-17,16.906843185424805,17.166949695456136,16.693184837660578,16.73963299992769,4845403
2020-12-18,17.40847396850586,17.724317211147266,17.213396304737994,17.334160106575688,25877857
2020-12-21,17.046188354492188,17.44563585488263,16.61887159731354,16.953293793591627,2712752
2020-12-22,17.557104110717773,17.715023928803443,16.971865885398742,17.129787480519962,2560806
2020-12-23,17.681013107299805,17.718236214087128,17.225029159076016,17.569343786937832,1925243
2020-12-28,18.016019821166992,18.127689133798285,17.504201248194555,17.708928321351927,1757852
2020-12-29,18.20213508605957,18.602282521477214,17.885736955509124,18.006712920738156,3056158
2020-12-30,17.774065017700195,18.47200071022939,17.774065017700195,18.220742151967627,2970006
2021-01-04,17.2901668548584,18.07185379386605,17.048216686643016,18.05324224246487,2176480
2021-01-05,17.29947280883789,17.4762834299531,16.862100478827127,17.30877947423453,2383286
2021-01-06,16.415424346923828,17.457674924631842,16.340978131395854,17.29016915953571,4747015
2021-01-07,16.303752899169922,16.787655017205033,16.19208359042904,16.56431639972327,6137691
2021-01-08,16.87140655517578,17.066826939945603,16.22000052552219,16.378197810320827,5652168
2021-01-11,17.634483337402344,17.634483337402344,16.657375893952906,16.750433660940562,5795187
2021-01-12,18.751176834106445,19.0675731867312,17.429753212828576,17.708926465144536,9303973
2021-01-13,20.072601318359375,20.165659081385083,18.34172336576511,18.89076505769581,7669883
2021-01-14,20.47275161743164,20.47275161743164,19.663148148376962,20.128436986868685,3756311
2021-01-15,20.240102767944336,20.50997113714639,19.858566877194,20.472748036577684,2845541
2021-01-18,20.00745964050293,20.463441740618865,19.746897931820147,20.33316266643535,1938582
2021-01-19,19.923707962036133,20.28663411087487,19.216467216089924,20.28663411087487,2488294
2021-01-20,20.277328491210938,21.142766505471997,19.867872587784067,20.18426895576462,3536065
2021-01-21,20.751922607421875,20.91011989122598,19.923705968032955,20.277327195693953,3511393
2021-01-22,20.50066375732422,20.73330721748896,20.156349228884938,20.556498401382672,2044693
2021-01-26,21.031097412109375,21.449858205226946,20.342468235843512,20.491360645812794,5183695
2021-01-27,19.635225296020508,21.282351846117923,19.635225296020508,21.077624805476862,4411431
2021-01-28,20.28663444519043,20.67747703798801,19.774815874066977,20.100518924810633,2492606
2021-01-29,20.00745964050293,20.36107910228671,19.402581575109647,20.109822278835086,2316590
2021-02-01,20.10051727294922,20.59372425150292,19.82134223516412,19.82134223516412,2547367
2021-02-02,20.28663444519043,20.593725943896107,20.11913047684861,20.295939331130413,2517178
2021-02-03,20.444833755493164,21.021793655259994,20.11913070111886,20.38899909875683,3924103
2021-02-04,20.14704704284668,20.56580785644116,19.7282862292522,20.435526991347462,2193229
2021-02-05,20.156349182128906,20.323853113915714,19.839951086373976,20.240100257943496,1559471
2021-02-08,20.50066375732422,20.677472573430506,19.94231553658205,20.156349228884938,1526675
2021-02-09,21.077625274658203,21.114846593627377,20.230797099283446,20.379689495791244,3253437
2021-02-10,20.807758331298828,21.254435551206193,20.519278403363042,21.133461360893566,3575982
2021-02-11,20.696088790893555,21.031096702013194,20.547194605793614,20.8077580946001,1598184
2021-02-12,20.798450469970703,21.021790847241032,20.268020411749536,20.630946522136302,2407958
2021-02-17,21.561527252197266,21.980288040255363,20.537890165868117,20.928732737315315,3850186
2021-02-18,21.514997482299805,21.961676486921775,21.412634841772416,21.775560976728418,3719102
2021-02-19,22.147789001464844,22.426962228994658,21.51499457223959,21.57082921774555,5803010
2021-02-22,21.719724655151367,22.101262311816807,20.854284928998858,21.49638606007631,4702083
2021-02-23,21.217214584350586,22.231546876852374,21.170686592674365,21.89653714805642,2732710
2021-02-24,20.6030330657959,21.52430580213627,20.305246446442258,21.403329821134033,10712703
2021-02-25,19.914405822753906,20.97526619790327,19.867876046929567,20.72400932479994,4519448
2021-02-26,19.5235595703125,20.221495461236334,19.272302720786243,20.04468482191666,4126095
2021-03-01,20.156349182128906,20.46343883365924,19.43049703089511,19.70967025053979,2521792
2021-03-02,20.77053451538086,20.900815366707064,19.318830040287473,20.10051692840254,3290345
2021-03-03,20.28663444519043,20.835676120389845,19.774815874066977,20.835676120389845,2511963
2021-03-04,19.914405822753906,20.640256440379417,19.858571159859636,20.640256440379417,1427685
2021-03-05,19.886484146118164,20.05398810569857,18.84423550634883,19.87717748050696,3286634
2021-03-08,18.82562255859375,20.04468173311155,18.453389784762336,19.644532524833508,4198206
2021-03-09,19.998151779174805,19.998151779174805,18.807010830557378,19.16063027119384,4886724
2021-03-10,19.076879501342773,20.147046385655216,19.076879501342773,20.063295293763076,19611990
2021-03-11,18.853540420532227,19.46772338675423,18.37894497758557,19.253689659107483,5629000
2021-03-12,18.267274856567383,18.890762680458145,17.950878502095705,18.797704929142945,3949978
2021-03-15,18.983821868896484,19.002435200726445,18.03463095346746,18.248664687774234,3128370
2021-03-16,18.611591339111328,19.160633018371566,18.611591339111328,18.82562507921014,2034463
2021-03-17,19.00243377685547,19.067573312747445,18.38824905738559,18.47200370387066,2048003
2021-03-18,18.583675384521484,19.16063351698008,18.583675384521484,18.99312954304049,1454864
2021-03-19,18.95590591430664,19.21646764435133,18.406864235919176,18.565061539081583,7845197
2021-03-22,18.965211868286133,19.393279371908996,18.732568343438707,18.825626109409303,2701920
2021-03-23,18.658119201660156,19.07688001282237,18.658119201660156,18.890764492340946,1318063
2021-03-24,18.518531799316406,19.002433889556606,18.295193194663018,18.76048195435758,2325216
2021-03-25,18.546449661254883,18.751178511424353,18.453391902158756,18.574367879062716,1649635
2021-03-26,17.950876235961914,18.723256364451075,17.494892422002295,18.592975529056556,2524199
2021-03-29,17.90435218811035,18.35103126069569,17.550732664938856,18.043939732072932,3152039
2021-03-30,17.82059669494629,18.006712187599604,17.615867872869895,17.867124678030745,2870715
2021-03-31,18.416166305541992,18.565058699940376,17.5321168237227,17.78337362934885,6469364
2021-04-01,18.38825225830078,18.546451353275938,18.053244294991437,18.053244294991437,2760792
2021-04-05,18.918682098388672,19.048962958510504,18.481309749329256,18.51853285222121,2526706
2021-04-06,19.169937133789062,19.300217981683353,18.68603506145248,18.890762108143505,2618876
2021-04-07,18.797704696655273,19.318829877733027,18.66742384642529,19.076877947148095,2503438
2021-04-08,20.072601318359375,20.361081273818098,18.99312948710312,19.058270811300147,4937473
2021-04-09,20.751922607421875,20.751922607421875,19.793425118952833,20.00745883252051,3584407
2021-04-12,20.295936584472656,20.779838652131474,19.9702353579643,20.742615553092932,2882148
2021-04-13,20.053987503051758,20.379690526971512,19.663144942442774,20.28663277444556,2363327
2021-04-14,20.36107635498047,20.36107635498047,19.709670391009393,20.109819565430755,1842300
2021-04-15,20.13774299621582,20.65886825846985,19.858569702235854,20.37038829794484,3162269
2021-04-16,21.021791458129883,21.133460759931236,19.877176664271392,19.933011315172067,3581599
2021-04-19,20.900814056396484,21.25443348782713,20.398300452626792,21.152069078123606,3703857
2021-04-20,20.900814056396484,21.29165658587246,20.575111058420976,21.021790015122672,1488463
2021-04-22,20.28663444519043,21.589444868007035,20.11913047684861,21.01248675482966,3196269
2021-04-23,20.77053451538086,20.77053451538086,20.240102664744555,20.416913281623323,2430324
2021-04-26,20.826372146606445,21.04040411433841,20.472750862238854,20.75192593519392,2683065
2021-04-27,21.40332794189453,21.40332794189453,20.66817079459914,20.751923663348315,2695702
2021-04-28,21.766254425048828,21.766254425048828,21.068320368092298,21.403328288193528,3113526
2021-04-29,22.2408504486084,22.631694812410323,21.691808786267668,21.775561658556075,3399565
2021-04-30,22.49210548400879,22.49210548400879,21.747641699388357,22.250155332558442,8416672
2021-05-03,22.042112350463867,22.78677852481435,21.939721886649814,22.48891098668909,2339758
2021-05-04,22.153810501098633,22.41444480179224,21.558079026694184,22.0421108496478,3933330
2021-05-05,22.535449981689453,22.656458817623992,21.828018915024277,22.16311784133936,3892711
2021-05-06,23.056718826293945,23.056718826293945,22.107270002623572,22.4889095903829,3136293
2021-05-07,23.140491485595703,23.429049795730034,22.824009154187305,23.084641662405986,2257617
2021-05-10,22.917091369628906,23.661757432717472,22.721616105165797,23.14049065436302,5349180
2021-05-11,21.734935760498047,22.600610723937887,21.306753766369457,22.600610723937887,10160484
2021-05-12,19.78949737548828,21.78147998648026,19.770880765497004,21.558080666584942,7932051
2021-05-13,20.031513214111328,20.45969520389793,19.826728742702194,19.984970803161534,3368975
2021-05-14,20.17113494873047,20.66447769098651,19.826726838827238,20.199060748747076,4343031
2021-05-17,20.943729400634766,21.036812444566287,20.310762921258725,20.338688724759024,3005510
2021-05-18,20.93442153930664,21.3812219592779,20.673788999697784,21.01819717450181,2887865
2021-05-19,20.105979919433594,21.08335453684217,19.88257883674712,20.5993209351034,3454325
2021-05-20,20.44108009338379,20.44108009338379,19.84534680504129,20.264221411714253,5041679
2021-05-21,19.780189514160156,20.524855677637824,19.426473932313097,20.38523021553521,2713554
2021-05-24,20.031513214111328,20.273529121382015,19.70572167938767,19.798804720645624,7713711
2021-05-25,20.590011596679688,21.129895020157793,20.050129953843225,20.068746562216898,5150899
2021-05-26,20.67378807067871,21.14851249395445,20.403846347893314,20.794795139738508,2751164
2021-05-27,21.42776107788086,21.492920098493993,20.794794602971137,20.88787942688752,8725678
2021-05-28,21.446378707885742,21.781479460275026,21.14851295522127,21.5301543411435,2788875
2021-05-31,21.72562599182129,21.883868036733894,21.43706770195067,21.446375114841228,1941190
2021-06-01,21.595308303833008,22.004875432174067,21.185742956133428,21.837325971751515,2365534
2021-06-02,21.595308303833008,22.20965810602386,21.334675809842366,21.82801855871545,2135158
2021-06-04,21.36260223388672,21.837326609263656,21.018194109309515,21.60461812822908,2498423
2021-06-07,21.40914535522461,21.641853863362666,21.027505752325297,21.362604721982045,2775435
2021-06-08,22.163118362426758,22.516833904075717,21.409143089528488,21.409143089528488,3695031
2021-06-09,22.46098518371582,22.619227245169714,21.82802049918352,22.163119449818268,2866803
2021-06-10,21.99557113647461,22.56337861203356,21.65116297314048,22.460986370276316,2630009
2021-06-11,22.31205177307129,22.321359186707966,21.68839273695803,21.99556943851712,3045828
2021-06-14,21.9676456451416,22.563378933538097,21.930412425906933,22.43306088557499,3783290
2021-06-15,21.865253448486328,22.33067047055256,21.744244595395084,22.070036154713094,2962985
2021-06-16,22.172428131103516,22.42375324876666,21.744244333508274,21.911795599044865,2390106
2021-06-17,22.712308883666992,22.898474955850155,22.00487602872945,22.172425493694295,2828290
2021-06-18,22.945022583007812,23.4197470653706,22.153813925308544,22.71231404952909,7572497
2021-06-21,22.749544143676758,23.345275628229324,22.730927534784488,23.084643103737577,2251199
2021-06-22,22.6285343170166,23.168417732187546,22.395825825605566,23.08464210547426,2599720
2021-06-23,23.177722930908203,23.363890774630686,22.54475653579123,22.71230777320561,3031586
2021-06-24,22.758852005004883,23.31735206338892,22.60061171663209,23.27081143056459,1774802
2021-06-25,23.149805068969727,23.149805068969727,22.442372060462873,22.814704285654944,2877033
2021-06-28,23.903776168823242,23.903776168823242,22.80539444087588,23.26150225846773,2793889
2021-06-29,24.052709579467773,24.155100034870433,23.30804346629176,24.071326187781132,2573443
2021-06-30,23.978242874145508,24.089942531053165,23.49421102754567,23.95031885023947,2723182
2021-07-01,23.189146041870117,24.055247552903538,23.00288822708412,24.04593377140472,3905949
2021-07-02,23.49647331237793,23.813113392311813,23.217086578482537,23.282277707151014,2579661
2021-07-05,22.965641021728516,23.589607491934284,22.55587196992892,23.496476785351224,2327221
2021-07-06,22.714189529418945,23.123958536048033,22.462742350224723,23.002890056051427,2700817
2021-07-07,22.74213218688965,22.956329610808613,22.267173766081154,22.518622760984336,3696535
2021-07-08,23.1705265045166,23.189150508063122,22.006412265619065,22.369615965163717,2523597
2021-07-12,22.863197326660156,23.328843713401422,22.49999364382737,23.207775225284063,3278009
2021-07-13,22.44411849975586,22.99358186026524,22.350989569547355,22.84457557193163,5040274
2021-07-14,22.295108795166016,22.74212937318981,22.211293661581,22.583809325334833,3633852
2021-07-15,22.313737869262695,22.555871285562358,22.108852458819626,22.30442408627923,3693426
2021-07-16,21.894655227661133,22.69556390035217,21.894655227661133,22.378925587892923,2515473
2021-07-19,21.782899856567383,21.959845695650532,21.280001906128657,21.894656342290983,3158558
2021-07-20,21.559391021728516,21.913280927790485,21.37313317643274,21.74564886702429,1837386
2021-07-21,21.326566696166992,21.736335715660104,21.084431510091513,21.55938988122995,3117538
2021-07-22,21.792213439941406,21.81083922380503,21.289315494104283,21.466261331568347,2562210
2021-07-23,21.9598445892334,21.9598445892334,21.503512012631145,21.717709408990356,1582438
2021-07-26,21.503511428833008,21.922592427866405,21.23343669051919,21.885340862686512,3141508
2021-07-27,20.935426712036133,21.475574472754563,20.637412372879023,21.438322903049844,3119243
2021-07-28,20.84229850769043,21.14031107562187,20.683978440217146,20.84229850769043,2650369
2021-07-29,20.916799545288086,21.065805814262667,20.516344306659274,20.75847949374297,2647761
2021-07-30,21.27069091796875,21.9412209566505,20.64672623234962,20.80504451341995,6870239
2021-08-02,21.98778533935547,22.14610361343895,21.559390523554804,21.68977101224914,5162132
2021-08-03,23.226402282714844,23.841053148156544,22.891136392772843,23.282279634118634,12106990
2021-08-04,23.78517723083496,24.30670099023388,23.077395622193336,23.077395622193336,8625885
2021-08-05,24.120441436767578,24.371888624719606,23.552352364436487,23.78517555029948,6236080
2021-08-06,24.53952407836914,24.576773866525002,23.896931829192642,24.325326661976977,3687609
2021-08-09,24.958602905273438,25.321806593946274,24.390517368527874,24.511584077072605,3039209
2021-08-10,24.43707847595215,25.4242467369153,24.43707847595215,25.126234214818997,4723446
2021-08-11,24.213573455810547,24.381205529753405,23.35678373706368,24.343953957766104,6221738
2021-08-12,23.729299545288086,24.576773638288707,23.543041698641723,24.16700637566671,2785064
2021-08-13,23.896930694580078,24.073876532895742,23.421972313012155,23.72929863900068,3309501
2021-08-16,23.598918914794922,24.418455216771363,23.3009045803821,23.88761946617016,4424971
2021-08-17,24.47433090209961,24.56745981853052,22.732815711043617,23.53372617386863,10039730
2021-08-18,24.148380279541016,24.865475652159564,24.008686005598324,24.465018614755895,5194125
2021-08-19,25.13555145263672,25.13555145263672,23.645485074256236,23.971435424352542,7431183
2021-08-20,25.99233627319336,26.094778977390988,24.86547543461593,24.86547543461593,6716488
2021-08-23,25.517377853393555,26.113404730569837,25.40562314795787,26.00165002513415,4859444
2021-08-24,25.74088478088379,26.08546264682659,25.508063391114135,25.74088478088379,4659659
2021-08-25,26.4021053314209,26.690805878484056,25.778140667360113,25.824704237294576,7526864
2021-08-26,25.610509872436523,26.802561906538802,25.070360320215517,26.402106634052043,6708765
2021-08-27,25.84333038330078,26.21584607406779,25.41493733891872,25.666386320946113,5756374
2021-08-30,25.14486312866211,25.759514032026317,24.418455734075955,25.703636677175027,8300331
2021-08-31,24.66058921813965,25.796763802377153,24.353262897136563,25.135549373522046,6894309
2021-09-01,23.896930694580078,25.228676919517515,23.850367125456547,24.716466970043058,6735343
2021-09-02,24.260133743286133,24.623337411715436,23.76654959056515,24.13906704148918,5953652
2021-09-03,24.7723445892334,25.48943995145158,24.29738620253997,24.567460963536472,15602637
2021-09-06,24.781658172607422,25.275242339482357,24.437080277767294,24.77234438984561,3660630
2021-09-08,23.8131160736084,24.66990393554552,23.654796015815016,24.60471279953668,4039641
2021-09-09,25.126235961914062,25.750200614198718,23.561666549081437,23.701360819286972,4367402
2021-09-10,24.63265037536621,25.237991034085344,24.26944847426174,25.237991034085344,4651033
2021-09-13,24.204259872436523,25.18211631747788,24.185634086288673,25.098299389052816,3878870
2021-09-14,25.14486312866211,25.405624117968138,24.278761456188043,24.334638811039337,4581931
2021-09-15,25.051733016967773,25.38699893555208,24.735094665295367,25.09829837120871,3778576
2021-09-16,24.958602905273438,25.135550530381916,24.55814942910319,24.921353117776025,2140073
2021-09-17,24.902725219726562,25.051731493806844,24.483644183116123,24.856161649836125,3414108
2021-09-20,23.7479248046875,24.781658502989323,23.51510161076955,24.492957956313376,4953821
2021-09-21,24.46501922607422,24.800285135610256,23.934183465954803,23.934183465954803,2843435
2021-09-22,24.641965866088867,25.005169573885237,24.39051865274627,24.63265208258463,2983445
2021-09-23,24.39051628112793,25.452187732291836,24.343950931173367,24.641963470020993,6875153
2021-09-24,24.027313232421875,24.539525007120886,23.710674878198674,24.25082444045179,3610082
2021-09-27,24.027313232421875,24.278762228005892,23.403348525987035,23.95281009025171,4934765
2021-09-28,22.611751556396484,23.887620527434258,22.174044709128335,23.775864033614823,8884644
2021-09-29,22.257856369018555,23.086706361132972,22.043660761393603,22.965637884329986,5315782
2021-09-30,21.84809112548828,22.621062058403467,21.512827010818405,22.45343000106853,6787095
2021-10-01,22.350990295410156,22.49999658858284,21.10306080856941,21.82015448522271,7917810
2021-10-04,21.39175796508789,22.350986714464735,21.186874344800717,22.350986714464735,3478697
2021-10-05,21.69908332824707,21.885342953459634,21.084432444059324,21.512827266073124,4944293
2021-10-06,21.335880279541016,21.512826112319487,20.56290759739031,21.047179746540102,6861413
2021-10-07,21.5407657623291,21.764275182132838,21.168248281136837,21.531451979077595,4253167
2021-10-08,21.792213439941406,22.416178090132455,21.72702230565909,21.801525441113586,4255975
2021-10-11,20.47909164428711,21.93190637852127,19.938943901150296,21.782900104552493,8491491
2021-10-13,21.85740089416504,22.15541519161669,20.730540177535538,20.730540177535538,6170287
2021-10-14,22.220605850219727,22.56518373286393,21.438321168205754,21.894655532439845,5809028
2021-10-15,22.13679313659668,22.397554131942623,21.671146720530945,22.397554131942623,5251293
2021-10-18,21.838781356811523,22.211297077861342,21.456950070456255,21.941222289340487,5030847
2021-10-19,20.870235443115234,21.764274891928448,20.5908486720859,21.624582397173455,4322972
2021-10-20,19.9110050201416,21.12168271105206,19.845813888107088,21.08443114460925,9054642
2021-10-21,18.71895408630371,19.82719102338499,17.9925466522249,19.370858376530283,11220692
2021-10-22,18.197429656982422,18.644450285873162,17.52690138592541,18.29987236693139,17051785
2021-10-25,18.551319122314453,19.0076516980719,18.243992811046102,18.532693339253317,6680884
2021-10-26,17.69453239440918,18.402312193709342,17.433771415719647,18.21605613330754,4155381
2021-10-27,17.53621482849121,18.197431151975984,17.517589041653885,17.703846910027124,4402104
2021-10-28,17.6759090423584,17.927356272790462,17.18232480259244,17.461711603916697,5033454
2021-10-29,17.48033332824707,18.011169018156863,17.24751015715846,17.675904934483032,6137992
2021-11-01,17.983230590820312,18.55131782522448,17.675904301039914,17.731781646316435,5082498
2021-11-03,19.389482498168945,19.612991910540412,17.72247034376681,17.862164617258628,7062502
2021-11-04,19.221847534179688,20.190389956280676,18.84933012166759,19.18459597108038,6892805
2021-11-05,19.044904708862305,19.74337251739743,18.96108956948891,19.74337251739743,5431321
2021-11-08,18.262619018554688,18.92383522335218,18.067047401107814,18.905209439858158,6825708
2021-11-09,19.455827713012695,19.820098522468854,18.62454231439971,18.783327345973802,12510000
2021-11-10,20.44590187072754,21.08104211281743,19.194302401084432,19.194302401084432,11909100
2021-11-11,21.30520248413086,21.762876512419968,20.912910205380328,20.922250709817135,6170000
2021-11-12,20.52062225341797,21.846943877276207,20.483262009312373,21.43597228451747,3804100
2021-11-16,19.072877883911133,20.5579845750181,18.755307787604018,20.48326230421169,7153600
2021-11-17,18.2042293548584,19.446488151031804,18.129507088228397,19.34374436634579,6098300
2021-11-18,18.260271072387695,18.76464772106676,18.02676376055911,18.20422981637427,5707300
2021-11-19,18.260271072387695,19.40912840053909,18.02676376055911,18.35367435342301,8036200
2021-11-22,17.877317428588867,18.605860809693706,17.485025112843065,18.260269239017003,7894300
2021-11-23,17.158117294311523,17.970721705701823,16.579018402850494,17.970721705701823,8231600
2021-11-24,17.344921112060547,17.6251309272904,16.317488685922882,17.08339408900243,8863000
2021-11-25,17.90534019470215,18.064125233150456,17.326241295208508,17.44766609129687,2731500
2021-11-26,17.279539108276367,17.783915699539058,17.186135837873735,17.214157353450286,3273100
2021-11-29,17.279539108276367,17.71853216319377,17.19547634306592,17.587768653541612,4758100
2021-11-30,17.0086727142334,17.49436837826533,16.494957311346994,17.307563586997325,6939900
2021-12-01,17.232837677001953,17.737212466643054,16.635057839161767,17.466344952942254,8262400
2021-12-02,16.887248992919922,17.746555985588124,16.522978150670387,17.68117422226328,8262900
2021-12-03,17.86797523498535,18.269608018099866,16.933946169702878,16.989989196313548,6039100
2021-12-06,17.671833038330078,18.166869169769374,17.671833038330078,18.036103866613704,3489800
2021-12-07,18.419055938720703,18.61520300516222,17.886659557909923,17.933362088738566,3441100
2021-12-08,19.147598266601562,19.26902127661884,17.942699764452012,18.587180400055708,4262700
2021-12-09,18.04544448852539,19.044855482349696,17.95204120896288,19.01683574554451,3947000
2021-12-10,18.531139373779297,18.867390454110073,18.19488829344852,18.278951063531213,3392400
2021-12-13,18.493778228759766,19.1756209275225,18.33499318679028,18.503118734936724,3485800
2021-12-14,17.615793228149414,18.783329857130273,17.55975018726428,18.46575975152592,3976200
2021-12-15,17.90534019470215,18.07346573912028,17.223499292579145,17.774576674163313,5438500
2021-12-16,17.438325881958008,18.325654367472154,17.316902865323556,17.905340499277163,4015800
2021-12-17,17.39162254333496,17.54106705610423,16.821864224952677,17.38228203859699,8781500
2021-12-20,16.709781646728516,17.251518505917858,16.6724214055013,17.195477253317385,3049900
2021-12-21,16.373533248901367,16.88724861924597,16.130685432268834,16.78450483256929,5549400
2021-12-22,16.186725616455078,16.7191219639566,16.158704099711052,16.485614668980894,3883200
2021-12-23,15.719712257385254,16.317490409243987,15.420823181455889,16.289470671825246,6131300
2021-12-27,15.806680679321289,16.115331776123835,15.750562784617838,15.853447078203923,2641300
2021-12-28,15.554146766662598,16.105977760578437,15.554146766662598,15.806679957225228,2091100
2021-12-29,15.339027404785156,15.834740529547958,15.226791615301016,15.488676313401152,4417800
2021-12-30,15.310968399047852,15.619619476904989,15.151966220518078,15.432557460767985,5843000
2022-01-03,14.796550750732422,15.498030730323068,14.5159594724785,15.348381810726863,6452600
2022-01-04,13.477766990661621,15.039728971300997,13.440354765040587,14.927492294437894,12293000
2022-01-05,12.879172325134277,13.767713417772516,12.879172325134277,13.477767978964897,10039900
2022-01-06,13.122349739074707,13.524531813188725,12.523754159345312,13.010113067875446,8400200
2022-01-07,13.26264762878418,13.58065200963459,12.720169882149198,13.0475266509239,6569100
2022-01-10,13.094290733337402,13.169115180455394,12.505047543299886,13.094290733337402,7164300
2022-01-11,14.020244598388672,14.22601228368228,13.094291352534146,13.094291352534146,13102200
2022-01-12,14.54401683807373,15.086493666545612,14.001539117624024,14.02959806399823,11010600
2022-01-13,14.403719902038574,14.590781917683536,13.889302034948322,14.469191964305429,5594500
2022-01-14,14.254071235656738,14.497251146380375,13.917361207562497,14.31019001966135,3202800
2022-01-17,14.048304557800293,14.300836857953568,13.954773547682594,14.244718073487386,1717600
2022-01-18,13.823831558227539,14.095070441649545,13.571299235306725,13.936068245301,5581100
2022-01-19,13.777066230773926,14.665608242793265,13.777066230773926,13.908009480076691,5182200
2022-01-20,15.114555358886719,15.404499921600426,13.786419841224244,13.786419841224244,10127900
2022-01-21,15.619622230529785,15.937626643651177,14.843316867451003,15.049084586290364,8832400
2022-01-24,14.862020492553711,15.61961914423525,14.824608268518684,15.61961914423525,7826000
2022-01-25,15.694445610046387,15.806681404603175,14.525311451693172,14.684313647278447,6615500
2022-01-26,16.844871520996094,17.752118250660644,15.881505112745996,15.881505112745996,20634000
2022-01-27,16.377220153808594,17.284466989685086,16.01245112007733,17.13481806384888,10590500
2022-01-28,15.956331253051758,16.554928733529692,15.741211147608636,16.44269114845386,5720500
2022-01-31,16.657806396484375,16.835515111052995,15.84409083179849,15.97503315624096,4674700
2022-02-01,16.788753509521484,17.116109379213682,16.498807190714547,16.55492686890952,5366400
2022-02-02,16.526865005493164,17.106755788122516,16.339803002333895,16.835516061937124,5803300
2022-02-03,16.452041625976562,17.377994855246264,16.358510618342578,16.49880623781576,4668900
2022-02-04,16.526865005493164,16.900987227856227,15.638323166419848,16.526865005493164,8708200
2022-02-07,16.648454666137695,16.985165570525893,16.19950798292379,16.49880577173306,4388600
2022-02-08,16.0872745513916,16.704576776870145,16.068567990872662,16.611045758231256,4733400
2022-02-09,16.162097930908203,16.60169137003147,16.04050707960547,16.19015598585831,2878500
2022-02-10,15.657032012939453,16.405278351031612,15.376440751127229,16.255627656248592,5723700
2022-02-11,15.460618019104004,16.08727348323353,15.36708700667536,15.778622390987984,5606300
2022-02-14,16.4801025390625,16.69522262189202,15.395145277234063,15.451264955850577,8105700
2022-02-15,17.34993553161621,17.667939896616623,16.545573123634853,16.63910413403891,10253800
2022-02-16,17.3405818939209,17.57440849906683,16.985164455084046,17.546348664225366,3789500
2022-02-17,17.630529403686523,17.995298399308183,17.11610971390765,17.34058486316561,7386100
2022-02-18,17.16287612915039,17.770825050399218,16.788753853301554,17.770825050399218,8201400
2022-02-21,16.0872745513916,17.742765910289986,16.040508150094258,17.658588171910566,3653900
2022-02-22,17.031930923461914,17.200286382994587,16.51751304951707,16.51751304951707,7015200
2022-02-23,16.695222854614258,17.39670279149758,16.695222854614258,17.097404970526945,4788700
2022-02-24,16.835519790649414,16.947757374194328,15.56350216893447,15.993744157908118,7547700
2022-02-25,16.358510971069336,17.022579534029422,16.105977780199066,16.629750720660876,6818100
2022-03-02,16.526865005493164,16.882280670749207,16.311744950628835,16.321098229182347,4506500
2022-03-03,17.09740447998047,17.546351198555563,16.461395736687912,16.526866910152318,8367700
2022-03-04,16.386573791503906,17.284467366073788,16.274336202704692,17.031934129242526,5055400
2022-03-07,14.918140411376953,16.25562827150124,14.871374901978951,16.227570214631502,9979400
2022-03-08,15.591560363769531,15.975035909108783,14.665607087173115,15.43255817785162,9881300
2022-03-09,16.985166549682617,17.209639904229956,15.75991548712837,15.75991548712837,9919800
2022-03-10,16.283687591552734,16.760694166596828,16.180803295771927,16.68586971074417,3430800
2022-03-11,15.60091495513916,16.82616614731709,15.367088296420542,16.46139713058191,6611300
2022-03-14,15.133261680603027,15.975037297585228,15.039730660059265,15.666386178559893,5785400
2022-03-15,16.02180290222168,16.13404049057499,14.974260402718517,14.974260402718517,8895000
2022-03-16,16.71392822265625,16.910341734679907,16.059212947999523,16.227568406280145,7431500
2022-03-17,16.835519790649414,17.05999317378337,16.059215338327704,16.929050812944197,11070500
2022-03-18,17.434114456176758,17.9111210363347,16.657810049399508,16.74198778613066,15231100
2022-03-21,16.779399871826172,17.55570423073687,16.545573236203005,17.490233058195283,7396400
2022-03-22,17.34993553161621,17.518290993552387,16.807457812019443,16.882282263551563,8561000
2022-03-23,17.761470794677734,18.08882843704355,16.96645988720522,17.527644162124385,9878000
2022-03-24,17.58376121520996,18.47230309008753,17.237698814562666,17.695998778419288,27909900
2022-03-25,17.546350479125977,17.93917928776147,16.770046141102934,17.490232587593937,13460300
2022-03-28,17.396703720092773,17.855003755911504,17.106759163545377,17.546352638566,5228800
2022-03-29,18.18235969543457,18.64065968743007,17.789530876016194,17.789530876016194,10717200
2022-03-30,17.565059661865234,18.43489335441079,17.303173155663508,18.191715193455607,9082300
2022-03-31,17.45281982421875,17.8082373070193,17.41540849042459,17.630528565619024,5142300
2022-04-01,17.91111946105957,18.004650469641035,17.630528219270783,17.677292831583713,4585600
2022-04-04,17.873708724975586,18.593893412008867,17.761471154138015,18.294595601716228,6794200
2022-04-05,17.45281982421875,18.23847745740817,17.256406307899216,17.87370847912581,4558500
2022-04-06,16.59233856201172,17.23770060354298,16.152745110393585,17.23770060354298,13674000
2022-04-07,16.526865005493164,16.69522045154541,16.049858502996955,16.592336171412267,7877800
2022-04-08,15.928272247314453,16.367865712805724,15.469972221430588,16.367865712805724,11439100
2022-04-11,15.320320129394531,15.703797446755646,15.077142002222546,15.638324491334052,11358100
2022-04-12,15.572854042053223,16.208862795426928,15.339027399427932,15.75991606973574,8170300
2022-04-13,15.759915351867676,15.965682145781146,15.320320142024146,15.750562072514022,7325800
2022-04-14,15.123908042907715,15.73185698614792,15.021023744344244,15.694445649187617,6990900
2022-04-18,14.955552101135254,15.273556483199515,14.665607558884568,15.095847732291666,7441300
2022-04-19,15.114555358886719,15.151968481278612,14.600136521711322,14.96490643723088,7505700
2022-04-20,14.946197509765625,15.208083973179635,14.60948748934763,15.10519968684635,7026900
2022-04-22,14.431780815124512,14.77784414269416,14.076364207679987,14.77784414269416,8592000
2022-04-25,14.843315124511719,14.946198525861595,14.038951797285232,14.067010744566499,7376500
2022-04-26,14.7310791015625,15.058436771721713,14.515959009498594,14.964905753968255,7239900
2022-04-27,14.7684907913208,15.217438411384878,14.646900829469653,15.086494277726276,5003100
2022-04-28,14.740431785583496,15.011669763747436,14.366308621678284,14.768490732983583,6392400
2022-04-29,14.244718551635742,15.105200662481975,14.216659604449713,14.91813952794537,7972400
2022-05-02,14.50660514831543,14.50660514831543,13.945420848226773,14.235366278067412,7102300
2022-05-03,14.740431785583496,15.217438351274266,14.338249674278197,14.441133076063755,12764400
2022-05-04,15.208086013793945,15.329675090720757,14.057658395374123,14.534664990620827,8232000
2022-05-05,14.188600540161133,14.955551631420272,14.057657301077297,14.908786125177627,5489000
2022-05-06,12.383458137512207,14.169893451860029,12.046748110695873,14.169893451860029,37968900
2022-05-09,11.03661823272705,12.149632711837661,11.03661823272705,11.953218287056036,19790500
2022-05-10,11.840980529785156,12.056101495562702,10.830849548512912,11.625860455985427,25485900
2022-05-11,11.616507530212402,12.374105343238778,11.532329797214395,11.812921943215137,11265700
2022-05-12,11.401387214660645,11.897100361542595,11.130148332696777,11.494918232708002,7919400
2022-05-13,12.495696067810059,12.692110492836004,11.42944709650741,11.58844929257498,11403100
2022-05-16,12.9820556640625,12.9820556640625,12.018690119599022,12.49569580582284,10893300
2022-05-17,12.907231330871582,13.533886827748574,12.654698119304188,13.187823490842725,7827200
2022-05-18,12.589226722717285,13.365531120173443,12.411518863290278,12.757582194158143,15951100
2022-05-19,11.9345121383667,12.785640980846615,11.915805578674549,12.346046639837544,10238300
2022-05-20,11.317209243774414,12.158984754610149,10.933732821483044,12.149631475339621,19895800
2022-05-23,11.504271507263184,11.644567142287485,11.02726492101593,11.41074048926172,16739800
2022-05-24,11.074029922485352,11.33591551211798,10.774732105762348,11.139501096899044,11892400
2022-05-25,10.86826229095459,11.214325616555545,10.699906822076018,11.027264480011496,10245800
2022-05-26,11.363973617553711,11.59780024254023,10.86826142233607,10.915026925728933,7606900
2022-05-27,11.494915962219238,11.60715262652022,11.167558355691419,11.363972741212567,6722300
2022-05-30,11.37332820892334,11.94386581058691,11.289150471499017,11.504271455136497,5596900
2022-05-31,11.345269203186035,11.541683625525598,11.186267009293156,11.261091466186524,7118600
2022-06-01,11.2704439163208,11.5229762167446,11.167559626685554,11.363974034560874,8838900
2022-06-02,11.9345121383667,12.346046639837544,11.317209940171502,11.317209940171502,13649200
2022-06-03,11.672625541687012,11.971924250022628,11.58844869981978,11.878393236421902,3987100
2022-06-06,11.176913261413574,11.878393184414149,11.017911074175217,11.83162767781854,7733600
2022-06-07,10.961792945861816,11.12079512970625,10.718613030337641,11.074029624108858,6528400
2022-06-08,10.877614974975586,11.176912777052596,10.802790524456334,10.961792704804198,3986000
2022-06-09,11.055323600769043,11.27044458014969,10.821496953429746,10.915027969156615,6439800
2022-06-10,10.428668022155762,11.120795570051827,10.344491179120734,10.961793379911448,9785500
2022-06-13,9.39983081817627,10.157428609039078,9.343712033826742,10.157428609039078,15841800
2022-06-14,9.437243461608887,9.568185810925907,9.119239084162654,9.502714636267397,11792100
2022-06-15,9.886189460754395,10.325783767339587,9.60559822316764,9.60559822316764,17409800
2022-06-17,9.792659759521484,9.942308663754682,9.222122197160136,9.493361059077262,12115500
2022-06-20,9.839426040649414,9.998427344946572,9.47465613884583,9.78330725114967,5065400
2022-06-21,9.839426040649414,10.279019508489492,9.717836073381553,9.961015115939377,11117700
2022-06-22,10.017132759094238,10.194840603547338,9.55883278320874,9.63365723266034,6980100
2022-06-23,10.64378833770752,10.69055384224838,9.979720670765154,10.10131062578027,8158700
2022-06-24,10.054545402526855,10.653141915045126,9.876837550673372,10.643788635479723,10011700
2022-06-27,10.017132759094238,10.335137115252435,9.89554280574094,10.222900441075035,5116400
2022-06-28,9.886189460754395,10.129369365842186,9.643010447644393,10.063898196002315,6702500
2022-06-29,9.723836898803711,9.995243273831445,9.602171848959733,9.939089830623185,4612500
2022-06-30,9.293331146240234,9.667684499626743,9.190383304662348,9.55537849361079,12101900
2022-07-01,9.19038200378418,9.368200490869556,8.86282308906842,9.340123323943232,10585700
2022-07-04,8.984487533569336,9.433711463983498,8.956410368521993,9.152946061210342,4764700
2022-07-05,9.761271476745605,9.845501188792975,8.816028318814112,8.956410577207306,15210300
2022-07-06,9.911011695861816,10.032676722880014,9.564734723207811,9.695757911897767,6896500
2022-07-07,10.060754776000977,10.238572374678137,9.920372508231045,10.01396038923477,5330300
2022-07-08,9.976524353027344,10.294725089507615,9.911012751703275,10.004600626090713,4487000
2022-07-11,9.433711051940918,9.948447452454447,9.386916671434493,9.901653071948022,5340900
2022-07-12,9.836142539978027,10.070113575319873,9.218459149480145,9.358841413673783,9054100
2022-07-13,9.948450088500977,10.116909545949476,9.499225166147914,9.733196238146915,7278800
2022-07-14,9.51794147491455,9.817424104656805,9.471147090885164,9.761271557844452,5425900
2022-07-15,9.536659240722656,9.69575962004291,9.321406311365072,9.648966125854699,6049000
2022-07-18,9.049999237060547,9.836142016799247,9.049999237060547,9.686400704949708,8360700
2022-07-19,9.124871253967285,9.405636701825875,8.984488976302368,9.14358936700461,8356000
2022-07-20,10.00460147857666,10.369596629615975,9.124870743224562,9.162306074675104,20027100
2022-07-21,9.620889663696289,10.004602056356452,9.517942719394144,9.967166722743967,7419800
2022-07-22,9.237176895141602,9.808065932632628,9.087435566785183,9.714478048674227,7581400
2022-07-25,8.769234657287598,9.396277129131942,8.628852387334442,9.386918073127411,17280400
2022-07-26,8.38552188873291,8.909617397260007,8.263856844029679,8.769234241435358,12945700
2022-07-27,8.872180938720703,8.975128762089327,8.329368226057806,8.441675104737875,18854400
2022-07-28,9.293331146240234,9.480507822933488,8.656929552954374,8.78795367290405,13359300
2022-07-29,9.059359550476074,9.489866328102716,8.97512982772953,9.293330605870363,11602100
2022-08-01,9.199740409851074,9.779988430761586,8.956410335509327,9.078075372680201,13683000
2022-08-02,9.433711051940918,9.59281141014562,9.059357792946665,9.17166377064494,13034800
2022-08-03,10.098190307617188,10.201137246526038,9.414995281849098,9.424353445365387,12840500
2022-08-04,11.080867767333984,11.370991335389927,10.07011302163393,10.15434273253037,26337800
2022-08-05,10.697155952453613,11.202533349831732,10.444466807500223,10.977920479030274,16103400
2022-08-08,10.837538719177246,11.567528128738298,10.76266805627502,10.893692162618267,14842400
2022-08-09,10.182419776916504,11.043433276280933,10.116908171267696,10.959203559001786,12194700
2022-08-10,10.575490951538086,11.052792076740232,10.378955246603596,10.67843788554047,14976500
2022-08-11,9.620889663696289,10.622286399755595,9.55537805300663,10.313444674320401,29289600
2022-08-12,10.276007652282715,10.322802038806197,9.667683305063523,9.85485995862876,15119100
2022-08-15,11.127662658691406,11.324198362252101,10.070113481677064,10.079472537210588,13971800
2022-08-16,10.81882095336914,11.249327689580841,10.62228525004361,11.146379863892584,8171500
2022-08-17,10.463184356689453,10.790743250946711,10.378954646228593,10.612925667496041,10452700
2022-08-18,10.11690902709961,10.594209311177133,9.92973146507684,10.575492090492114,8151800
2022-08-19,9.667682647705078,10.079472150077473,9.377559077538216,10.079472150077473,14518100
2022-08-22,8.984487533569336,9.602170884153113,8.787951840880988,9.602170884153113,28093800
2022-08-23,9.39627742767334,9.471148093030997,8.918976266621724,9.08743570994082,14823200
2022-08-24,9.7425537109375,9.976524744889039,9.396276687792662,9.489865458384743,9051300
2022-08-25,10.22921371459961,10.28536626196924,9.705118214820704,9.836142312897593,10600700
2022-08-26,9.826784133911133,10.435108508998903,9.789348801483097,10.266649959337103,12951600
2022-08-29,9.789348602294922,9.995243372724053,9.583453831865791,9.695759826864759,6103900
2022-08-30,9.817423820495605,10.107548279057362,9.499223089340328,9.864218203170548,7943200
2022-08-31,10.135624885559082,10.322801529896592,9.882936638835604,9.9297301305235,12483800
2022-09-01,9.88293743133545,10.191779142390114,9.620889215720988,10.126266642222143,8393700
2022-09-02,9.499222755432129,10.135624195372468,9.443070212218911,9.77998814908396,13750300
2022-09-05,9.648966789245605,9.864219733402374,9.508583619443199,9.705119343143565,5796900
2022-09-06,9.096794128417969,9.583453419120463,9.068716961480936,9.583453419120463,11793500
2022-09-08,9.368200302124023,9.461788179073537,9.00320517219356,9.199740874074786,9887700
2022-09-09,9.677042007446289,10.060754356373145,9.499223523657136,9.602171348754641,13224100
2022-09-12,9.639606475830078,10.05139508999347,9.452429833028537,9.779988734799076,13286600
2022-09-13,9.171664237976074,9.433711532624358,8.956410433689951,9.433711532624358,22564300
2022-09-14,9.7706298828125,10.088830628459856,9.152946502451703,9.21845899819176,23441500
2022-09-15,9.377558708190918,9.864217955202212,9.349481543774592,9.770629192204975,8177100
2022-09-16,9.452430725097656,9.46178888872443,9.0219239597609,9.24653595232041,9829100
2022-09-19,9.779990196228027,9.92037336870319,9.22781834805568,9.358842463860078,11735000
2022-09-20,9.695759773254395,9.91101359854209,9.592812834873403,9.77998949217007,5365100
2022-09-21,9.873577117919922,10.060753753431532,9.4992229543681,9.705117699695172,8796600
2022-09-22,9.995243072509766,10.088830952600238,9.620888874561821,10.04203656629066,8180400
2022-09-23,10.444466590881348,10.472542864450977,9.592812188197204,9.639606572499016,12567400
2022-09-26,9.929730415344238,10.369596211550817,9.854859755461671,10.369596211550817,5108200
2022-09-27,9.6864013671875,9.920372406080642,9.61153070614399,9.639606980903135,9937400
2022-09-28,9.620889663696289,9.761272834139676,9.461789272711037,9.686402166914705,6088600
2022-09-29,9.124871253967285,9.592813369555351,8.853464862627357,9.489866425436329,15356900
2022-09-30,9.51794147491455,9.648965571691106,9.003205035648573,9.124870077113524,11436500
2022-10-03,10.11690902709961,10.191779694897212,9.751913852189725,9.817425463380436,8995200
2022-10-04,10.210495948791504,10.509978591625108,10.013960241299781,10.304084720941345,7765100
2022-10-05,9.985883712768555,10.378955117757899,9.90165399848103,10.21049568918285,8328500
2022-10-06,10.22921371459961,10.369595975552336,9.995242684659297,10.032678013748601,7442500
2022-10-07,9.377558708190918,10.173059623553065,9.377558708190918,10.163700568747624,20550300
2022-10-10,9.040640830993652,9.536659185238111,8.97512922548835,9.452430360672162,21408500
2022-10-11,8.713081359863281,9.10615186056329,8.600774482487703,9.031281203998656,19873400
2022-10-13,8.656928062438965,8.797310322656248,8.301291991689387,8.610133678190323,24457000
2022-10-14,8.273215293884277,8.816027981263238,8.226420912035346,8.797309871512226,14307600
2022-10-17,8.254496574401855,8.516544736387827,8.207703088537997,8.413596925418862,14485500
2022-10-18,8.3761625289917,8.57269822598608,8.179626831997318,8.422956912567244,12553100
2022-10-19,8.114115715026855,8.432316471306917,7.983091611697217,8.37616302915745,14639300
2022-10-20,7.983091831207275,8.198345657415583,7.86142678031192,8.142192213722069,14384400
2022-10-21,8.06732177734375,8.132833386387839,7.692968450622195,7.936297666726839,17611700
2022-10-24,7.908221244812012,8.09539790472799,7.711685528768055,7.992450964906381,9164900
2022-10-25,7.833349704742432,8.207703875234316,7.78655532186487,7.908220360335085,9683700
2022-10-26,7.4496378898620605,7.8239911938637,7.402843503729685,7.814633030660168,16789200
2022-10-27,7.739762783050537,7.80527439161602,7.468355953763664,7.487073619962997,14125400
2022-10-28,7.842709541320801,7.842709541320801,7.543226889107844,7.646173827673872,8506900
2022-10-31,8.198346138000488,8.226422415228715,7.655533351434721,7.655533351434721,12793800
2022-11-01,8.226422309875488,8.488469643216751,8.142192586740752,8.291933920078616,11351300
2022-11-03,8.432315826416016,8.572698082260438,8.020526328889444,8.14219136713463,10519400
2022-11-04,8.460392951965332,8.6194933339764,8.188986575451516,8.51654639548106,10139400
2022-11-07,8.142191886901855,8.591416740832356,8.067321226668218,8.432316364703707,10274100
2022-11-08,7.636814594268799,8.170268279264011,7.571302988751124,8.0953976179499,19374100
2022-11-09,8.310650825500488,8.385521481290965,7.458996000223042,7.580661485279031,37935300
2022-11-10,7.926939010620117,8.151550992702598,7.543226651430378,8.020526890223477,22834200
2022-11-11,7.618096828460693,8.067320764104963,7.533867117395237,8.001809163288996,20520400
2022-11-14,7.664890289306641,7.964373804436865,7.41220204961869,7.767838110222406,13605100
2022-11-16,7.3186140060424805,7.758479347708177,7.140795969035059,7.6368143045561006,15231400
2022-11-17,7.234384536743164,7.2437431462366675,6.747724793943783,7.159513875737773,22690300
2022-11-18,6.906825065612793,7.721044160935252,6.888107400648978,7.393484800936321,18771200
2022-11-21,7.309255123138428,7.421561113500136,6.91618371060811,6.95361904072868,10345200
2022-11-22,7.0846428871154785,7.421560846059555,7.000413174247298,7.318613915069914,8568000
2022-11-23,6.944261074066162,7.03784940802978,6.7758016266672705,7.019131741237056,15019000
2022-11-24,7.346690654754639,7.543226812674476,6.981695952936309,7.075284280804554,10825400
2022-11-25,6.972336292266846,7.365407681484502,6.888107027623284,7.327972353584183,10475400
2022-11-28,6.775800704956055,7.084642834420811,6.710289103225245,6.981695457932559,8499400
2022-11-29,6.822595119476318,7.009771762786158,6.64477708519981,6.87874811246927,7886400
2022-11-30,6.897465705871582,6.962977753488506,6.588624024454096,6.831954104518973,10856600
2022-12-01,6.5231122970581055,6.888107435073108,6.504394632000746,6.822595384240184,9860500
2022-12-02,6.532471179962158,6.691571551874332,6.242347156113506,6.541829789111174,39293900
2022-12-05,6.438883304595947,6.6354190192903255,6.298500587490769,6.532471633911281,12071200
2022-12-06,6.438883304595947,6.6354190192903255,6.307859197290124,6.532471633911281,13376500
2022-12-07,6.176835536956787,6.504394912730186,6.148759261291146,6.382730307738481,13307500
2022-12-08,5.999017715454102,6.195553437619265,5.877353105851587,6.148759494315028,15861200
2022-12-09,5.7931227684021,6.0926058480802165,5.765046048387394,6.083246792653873,9475300
2022-12-12,5.56851053237915,5.86799362202308,5.409410601215914,5.7837639054404,17763700
2022-12-13,5.718252658843994,5.96158232184567,5.596587604210972,5.60594621427116,25457500
2022-12-14,5.886711120605469,5.933505505441141,5.446845777460324,5.652740088955762,21938500
2022-12-15,5.765046119689941,6.101964532711816,5.680816851132721,5.7744051752320384,15349400
2022-12-16,5.521717071533203,5.811841130609766,5.4936403481483325,5.746329073554654,11797800
2022-12-19,5.92414665222168,6.055170309464718,5.456204572946484,5.549792899548654,15823400
2022-12-20,6.204911708831787,6.5324710555676,5.736969657419393,5.867993306860855,16502700
2022-12-21,6.158117771148682,6.354653482675925,5.89607045328859,6.261065154868749,11204000
2022-12-22,6.045811176300049,6.223629204575262,5.867993148024835,6.158117158495666,9455700
2022-12-23,6.34529447555542,6.485676735340404,6.06452906345681,6.083246727845763,9944200
2022-12-26,6.111728191375732,6.421064056830678,6.036737732717369,6.374195243658397,3970400
2022-12-27,5.746149063110352,6.177344615946002,5.699279806375815,6.149222972509608,10984100
2022-12-28,6.036737442016602,6.083606252931903,5.6805323335641384,5.764896818981398,12469000
2022-12-29,5.868009090423584,6.20546614804238,5.811765800508735,6.055485233545137,9730100
2023-01-02,5.530551433563232,5.802392057094554,5.436813364583185,5.802392057094554,7159400
2023-01-03,5.305579662322998,5.652411190715918,5.249336820497264,5.549299090546218,11394400
2023-01-04,5.418065547943115,5.539924809565767,5.239963000059726,5.361822261682379,16944800
2023-01-05,5.624289035797119,5.764896351087714,5.427438883785953,5.455560525635406,15211000
2023-01-06,5.793017387390137,5.933624698831974,5.577419629040205,5.633662911199597,9496600
2023-01-09,5.755523204803467,5.8773829265562085,5.568047053628788,5.671159160264062,8875600
2023-01-10,6.092979907989502,6.11172752059649,5.652410788236116,5.70865362605708,9533900
2023-01-11,5.9898681640625,6.186718331391263,5.802392027072425,6.083606232557537,10448800
2023-01-12,5.914877891540527,6.07423283638199,5.7367753324223285,5.868009079337875,11621300
2023-01-13,5.783645153045654,6.03673819383959,5.727402304755715,5.914878465722177,10612700
2023-01-16,5.5492987632751465,5.896129824235256,5.446186669186505,5.727401308708854,11299400
2023-01-17,5.633663177490234,5.689906015329778,5.464934216993261,5.58679392246811,12380300
2023-01-18,5.736774921417236,5.896129854841885,5.652410886705278,5.689906112572448,12169900
2023-01-19,5.596168041229248,5.671158945842176,5.511803999879579,5.661784915148666,16567300
2023-01-20,5.5492987632751465,5.643036827456481,5.493055924766346,5.59616757187664,9806800
2023-01-23,5.502429962158203,5.69928013668665,5.493056378455051,5.558672805312276,10494100
2023-01-24,5.868009090423584,5.905504319047894,5.511803971514251,5.521177555181137,15361500
2023-01-25,6.0461106300354,6.130475109935819,5.727401216926239,5.85863450467707,9743000
2023-01-26,5.9898681640625,6.158597134331936,5.90550412590615,6.0929802628962255,7274400
2023-01-27,6.092979907989502,6.186717971024441,5.877382139519971,5.989867815161897,8868300
2023-01-30,6.364821434020996,6.5148023565497155,6.11172840376458,6.11172840376458,16002600
2023-01-31,6.786642551422119,6.814764196017903,6.3366998137166055,6.4210638535472,23032100
2023-02-01,6.842885494232178,6.917875946720472,6.6741565291551606,6.786642207887603,18049100
2023-02-02,7.030362129211426,7.367819636567523,6.77726911043895,6.77726911043895,23498000
2023-02-03,6.730399131774902,7.114725857725982,6.617913456999223,6.98349212350935,18573700
2023-02-06,6.65540885925293,6.749146924063577,6.505427955555892,6.702278115147429,13000700
2023-02-07,6.46793270111084,6.711651668543829,6.34607299390517,6.683530472713812,12807400
2023-02-08,6.505428314208984,6.57104518668316,6.177344845794853,6.514801897717652,9561500
2023-02-09,6.074232578277588,6.608540232928552,6.074232578277588,6.496054105069469,12007000
2023-02-10,6.111728191375732,6.158597451526405,5.942999659394414,5.999242503388187,7615300
2023-02-13,6.158597469329834,6.346073616517704,6.008616104601145,6.0929805943248825,6625900
2023-02-14,6.064858436584473,6.25233501491847,5.961746787828047,6.205465758590382,9908100
2023-02-15,6.102354526519775,6.3085782850925165,5.971120778631463,6.046111236294279,9847300
2023-02-16,6.327325344085693,6.430437437809916,6.0648583183272216,6.092979960971408,17985300
2023-02-17,6.233587265014648,6.374194583935557,6.205465622439128,6.261708460611823,12869100
2023-02-22,6.402315616607666,6.411689646220406,5.83988680221497,6.1867178522763275,9259400
2023-02-23,6.477306842803955,6.580418946024774,6.346073541327342,6.430438030051501,10550200
2023-02-24,6.486680507659912,6.5616709614167075,6.346073183376738,6.467932894220713,10394400
2023-02-27,6.261708736419678,6.646035484662282,6.224213509319672,6.524175773098082,13807800
2023-02-28,6.0461106300354,6.336699294808323,6.027363017499567,6.28983003997957,8969600
2023-03-01,5.971120834350586,6.186718625632209,5.877382761397357,6.0836065218944615,7978400
2023-03-02,5.933625221252441,6.074232545073919,5.7648967008536856,5.971120448007721,9270200
2023-03-03,5.80239200592041,6.046110983119055,5.746149165028415,5.9336253013350655,7124100
2023-03-06,5.839887619018555,6.027363767711607,5.680532669140262,5.8023923892799445,10920400
2023-03-07,5.811765670776367,6.017989870585046,5.73677521520171,5.83988731510605,11023600
2023-03-08,6.346073627471924,6.364821242223072,5.830513551347762,5.858635196963681,17251200
2023-03-09,5.896130084991455,6.336699676595425,5.858634857660696,6.261708774955539,23502000
2023-03-10,5.586794376373291,5.868009035396942,5.399318235009776,5.8492609742822115,23431800
2023-03-13,5.952373027801514,6.083606325703885,5.446187003199708,5.464934617185761,15933000
2023-03-14,5.811765670776367,6.167970781734359,5.764896859531393,5.9148777706807065,16711700
2023-03-15,5.914877891540527,5.952373120094003,5.5305515753782135,5.755522946699066,12319200
2023-03-16,6.392942905426025,6.692904742269592,5.905504473576836,5.914878057489,17750900
2023-03-17,6.252335548400879,6.4304381118745715,6.102354630519198,6.36482123681214,6569300
2023-03-20,5.942999839782715,6.32732617556151,5.914878193443054,6.261709298754572,6405700
2023-03-21,6.1398491859436035,6.205465606824129,5.952372612194695,5.999241867376509,5642300
2023-03-22,5.886756420135498,6.20546584803386,5.849260746345565,6.158597038008575,7697400
2023-03-23,5.4368133544921875,5.942999373023307,5.343074838707754,5.905504145500881,11052800
2023-03-24,5.521177768707275,5.652411520946083,5.446187308558472,5.530551799715076,7638000
2023-03-27,5.64303731918335,5.783644651196862,5.586794475773622,5.586794475773622,7595200
2023-03-28,5.980494499206543,6.064858536213272,5.586794169913935,5.643037010244542,9581800
2023-03-29,6.064858436584473,6.139849336105085,5.914877531499958,6.036737240370304,6923700
2023-03-30,6.1304755210876465,6.608540343281212,5.999242224535409,6.139849551473421,11938000
2023-03-31,5.811765670776367,6.186718395628024,5.764896859531393,6.167970781734359,9777400
2023-04-03,5.596168041229248,5.821139861111264,5.586794457514123,5.8117658304177535,6504600
2023-04-04,5.605541706085205,5.783644254832835,5.577420062818377,5.652410962537133,5784000
2023-04-05,5.286832332611084,5.6711591095499525,5.286832332611084,5.6149158177221,10986100
2023-04-06,5.3524489402771,5.380570137803809,5.1743463836872285,5.324327295772014,8142800
2023-04-10,5.174346446990967,5.436813493328779,5.155598832751007,5.380570203630519,11512900
2023-04-11,5.605541706085205,5.661784545640506,5.268084221775047,5.2868318349601475,21079300
2023-04-12,5.811765670776367,5.999242256691382,5.680532373520718,5.7086540178504,13073700
2023-04-13,5.661784648895264,5.886756458197663,5.624289421841258,5.811765557111287,10836400
2023-04-14,5.474308490753174,5.6430370117912405,5.436813263855825,5.624289398342566,6109700
2023-04-17,5.605541706085205,5.774270224751106,5.455560800604404,5.4836819968928765,10126100
2023-04-18,5.783645153045654,5.849261585894703,5.446187616327598,5.6711594564657775,12289700
2023-04-19,5.502429962158203,5.69928013668665,5.455561149685669,5.69928013668665,11444700
2023-04-20,5.80239200592041,5.821139619551075,5.427439286328743,5.539924968112733,13175200
2023-04-24,5.905503749847412,6.046110620147028,5.783644045074627,5.783644045074627,11445300
2023-04-25,5.877850532531738,5.915408645707888,5.727617632099115,5.906018893549838,6726000
2023-04-26,5.971745491027832,6.009303602163453,5.8309023504052515,5.896629268756589,5527400
2023-04-27,5.680669784545898,5.896629142827676,5.596163812431466,5.79334411554648,14865300
2023-04-28,5.793344020843506,5.793344020843506,5.48348939179306,5.680669691684796,9717800
2023-05-02,5.417762756347656,5.755786209048143,5.408373452295757,5.7463964572682364,11916100
2023-05-03,5.4083733558654785,5.511657937234854,5.305088326768103,5.436541715246944,8950400
2023-05-04,5.5773844718933105,5.661890439683927,5.380204178867186,5.4740994498967765,12263100
2023-05-05,6.469390392303467,6.5726754170785355,5.727617059622842,5.737006810842385,30477000
2023-05-08,6.553896427154541,6.816803643436906,6.441222097774093,6.469390456255212,15563500
2023-05-09,6.732297897338867,6.901309397053081,6.431832561230042,6.4787804239035465,14185900
2023-05-10,6.751076698303223,7.182995406792518,6.713518588671804,6.741686947031376,20362400
2023-05-11,6.920088768005371,7.042152858337953,6.610234113874984,6.704129395773886,10658400
2023-05-12,6.835582733154297,7.032762586710528,6.722907955471895,6.863751091778907,7941100
2023-05-15,6.985815525054932,7.051542444703807,6.769856157897782,6.835583077546657,6491100
2023-05-16,6.713519096374512,6.976425883676486,6.6571819276669455,6.929478466950856,11303900
2023-05-17,7.004594326019287,7.164216519550428,6.760466159976837,6.760466159976837,14520600
2023-05-18,7.023373603820801,7.2299432181708205,6.929478324570792,7.0045945479707985,10193300
2023-05-19,6.967036247253418,7.14543749685237,6.863751219016552,7.060931523956026,9878100
2023-05-22,6.995204448699951,7.201774500516758,6.929477980353865,6.967036090188196,8243300
2023-05-23,6.8543620109558105,7.182995707869472,6.8543620109558105,6.967036344572837,7450200
2023-05-24,7.042152404785156,7.107879321745228,6.741687074332246,6.844972101632933,10241800
2023-05-25,7.098489284515381,7.511628929357395,7.032762370201433,7.211163611001028,7976300
2023-05-26,7.173605918884277,7.295670003531701,7.070321337469996,7.229943085399703,5366400
2023-05-29,7.060931205749512,7.220553392814441,6.938867127673039,7.173605532714882,5455100
2023-05-30,6.7980241775512695,7.182995476606976,6.741687012556578,7.164216421608746,7372200
2023-05-31,6.8074140548706055,6.826193110216301,6.629012805222499,6.751076888833519,6961700
2023-06-01,7.136047840118408,7.201774758547394,6.769856032249491,6.854362006268472,8403400
2023-06-02,6.929477691650391,7.455291655151975,6.779244810844247,7.220553254603341,13976400
2023-06-05,6.816803932189941,7.089100463590895,6.798024428769733,6.938867570325263,9977900
2023-06-06,7.136047840118408,7.342617899336363,6.854362006268472,6.854362006268472,18959500
2023-06-07,7.013983249664307,7.48346005332325,6.835582458274522,7.22994259725654,14338100
2023-06-09,7.1266584396362305,7.314448992992022,7.060931522097706,7.089100328965072,9135800
2023-06-12,7.023373603820801,7.201774858259822,6.967036436270796,7.201774858259822,8315200
2023-06-13,6.7604660987854,7.182995509789482,6.675960574766976,7.0797104829580855,8980600
2023-06-14,6.920088768005371,6.967036632818832,6.713519147827786,6.89192040729971,8930600
2023-06-15,6.901309013366699,6.995204285765489,6.816803492071776,6.882529958886941,8087500
2023-06-16,6.78863525390625,6.957646758350649,6.78863525390625,6.854362173943079,7665200
2023-06-19,6.7980241775512695,6.89191990027041,6.751076763919687,6.788634873916148,5921600
2023-06-20,6.78863525390625,6.826193366005005,6.6571818615606055,6.779245502017554,10948100
2023-06-21,6.844972133636475,6.854361885129526,6.657181581055389,6.798024271627207,8011200
2023-06-22,6.610233783721924,6.779245282698541,6.4975594510708445,6.760466227256695,7759300
2023-06-23,6.638402462005615,6.685349875835748,6.460001214903932,6.6102336555251435,6053600
2023-06-26,6.234652042388916,6.675960503785834,6.22526273881025,6.638402394015201,13761400
2023-06-27,5.896629333496094,6.3661061755737824,5.8496814701971225,6.347327119799795,17015700
2023-06-28,5.830902099609375,6.056250756730519,5.746396129324955,5.906018318649756,18149100
2023-06-29,6.197093963623047,6.272210183540128,5.7745650027254705,5.8590705262681935,14549900
2023-06-30,6.178315162658691,6.460001446656968,6.103198939653286,6.2909894971668,20138600
2023-07-03,6.2971978187561035,6.2971978187561035,6.0246325681280535,6.240805054643733,13939900
2023-07-04,6.597959041595459,6.64495323125884,6.222006868797837,6.306596230923999,20619600
2023-07-05,6.560364246368408,6.701346375295533,6.485173897119231,6.541566659056114,12090500
2023-07-06,6.2971978187561035,6.494572717234326,6.165614702493905,6.475775129196869,10060300
2023-07-07,6.8329291343688965,6.9551136696873455,6.334792424008194,6.362989027608533,21041800
2023-07-10,6.738941669464111,6.992709326766659,6.720144081818361,6.776536844755611,12315000
2023-07-11,6.654352188110352,6.757739142493374,6.381786947784971,6.757739142493374,14456000
2023-07-12,6.428781032562256,6.889322138446949,6.4099834455500195,6.814131790398005,7628800
2023-07-13,6.099822521209717,6.503971309829224,6.062227347594389,6.48517372302156,15075400
2023-07-14,5.874251365661621,6.081024816538193,5.770864416138429,6.081024816538193,13621000
2023-07-17,6.005834579467773,6.071626357295117,5.78966210737201,5.864852454506219,11405700
2023-07-18,5.911847114562988,6.090424427258975,5.874251938013292,5.968239879387533,6581500
2023-07-19,5.780263900756836,5.921246034564534,5.676876942875211,5.893049428535055,11097400
2023-07-20,5.780263900756836,5.855454252608983,5.676876942875211,5.836656664645946,11196700
2023-07-21,5.808460235595703,5.902448626444487,5.7426688998053885,5.789662647059918,9337900
2023-07-24,5.874251365661621,5.9212455558548385,5.705073087671699,5.799061019888322,10330100
2023-07-25,5.911847114562988,6.165614780358369,5.883650956235644,5.930644702837837,10579000
2023-07-26,6.128018856048584,6.1656140280108,5.864852204143273,5.893048807199835,9032600
2023-07-27,6.203209400177002,6.362989110258091,6.109221467238072,6.16561422700143,25525700
2023-07-28,6.3723883628845215,6.456977281567396,6.193811059623159,6.231406234186622,8109400
2023-07-31,6.579161643981934,6.607358248222291,6.372388189508651,6.409983363049248,9074300
2023-08-01,6.720144271850586,6.76713801820893,6.485174195549305,6.532167941907649,9028700
2023-08-02,6.710744857788086,6.842328415436551,6.560364161241072,6.682548701270435,10756200
2023-08-03,6.4381794929504395,6.8893220217736575,6.4381794929504395,6.842328279123838,9961300
2023-08-04,6.616756916046143,6.757739043007517,6.381786853833794,6.438179614984378,12166300
2023-08-07,6.466376304626465,6.616757003004344,6.428781130031996,6.607358433440643,6532100
2023-08-08,6.07162618637085,6.287798652381074,6.07162618637085,6.287798652381074,15714500
2023-08-09,5.648680686950684,5.9212459317677215,5.639281669047414,5.9212459317677215,25449500
2023-08-10,5.8272576332092285,5.902448433058702,5.686275947894853,5.723871123734666,11649300
2023-08-11,5.592287540435791,6.3629895387781215,5.573489952582068,6.015233939399325,39805900
2023-08-14,5.235133171081543,5.629882500918882,5.131746217753516,5.601686344301129,38989100
2023-08-15,5.018960952758789,5.2633295980680606,4.97196675842208,5.253931028102629,39890800
2023-08-16,4.821585655212402,5.084751866877162,4.774591464758788,5.065954280329679,36262700
2023-08-17,4.802788257598877,4.877978606746676,4.680603716148788,4.840383432172776,29242700
2023-08-18,4.990764141082764,5.02835931573662,4.736996488084312,4.793389250065098,19874700
2023-08-21,5.112948417663574,5.178740193981144,4.981365313198245,4.990763882289435,19572600
2023-08-22,5.0377583503723145,5.216335654661669,4.953168983032663,5.178740479881788,25665300
2023-08-23,5.103549957275391,5.122347545678676,4.812187112939544,5.084752368872106,55250100
2023-08-24,5.084752082824707,5.1035496701705165,5.000163163853482,5.0659544954788975,16396200
2023-08-25,5.075353622436523,5.122347367727233,4.98136568368526,5.05655603468627,23391900
2023-08-28,5.065954208374023,5.451305399378704,5.065954208374023,5.3855136233120975,30294200
2023-08-29,4.924972057342529,5.103549350009961,4.793388954176455,5.0659541776767965,29355200
2023-08-30,4.896775722503662,4.962567495757551,4.868579120203484,4.924971876634051,13714800
2023-08-31,5.150543689727783,5.1693412764426,4.77459150726163,4.9343712184224815,31413400
2023-09-01,5.404311656951904,5.423109244788422,5.094151233564449,5.159942566907336,18225000
2023-09-04,5.366715908050537,5.451305268364649,5.329120736393109,5.423108665536679,6231700
2023-09-05,5.225734233856201,5.357317345827122,5.131746296734114,5.338519758402705,11092500
2023-09-06,5.112948417663574,5.244531522128904,5.075353244959195,5.206936349424524,5696100
2023-09-08,5.310323715209961,5.366716478692333,5.07535364328182,5.07535364328182,10972100
2023-09-11,5.188138961791992,5.38551385013488,5.056555852286676,5.329121088918316,18787700
2023-09-12,5.488901138305664,5.5922876494312534,5.103549907538958,5.178740708589189,30368600
2023-09-13,5.5076985359191895,5.62048406133655,5.4513057732105095,5.5076985359191895,14431000
2023-09-14,5.385513782501221,5.517096890354058,5.319722004489891,5.517096890354058,10253000
2023-09-15,5.300924301147461,5.441906423404695,5.263329128301507,5.413710267855135,10907900
2023-09-18,5.178740501403809,5.329121201148293,5.131746308648738,5.282127008393223,7280200
2023-09-19,4.990764141082764,5.150543857446572,4.934371379101978,5.150543857446572,12734500
2023-09-20,5.0001630783081055,5.159942343928982,4.953168886662666,5.0001630783081055,12318100
2023-09-21,4.8121867179870605,4.887377065429074,4.75579395740555,4.877978496083733,14794800
2023-09-22,4.690001964569092,4.88737684165214,4.605413051654787,4.868579255652317,16163800
2023-09-25,4.699401378631592,4.718198966219325,4.577216835226409,4.65240718557734,10155900
2023-09-26,4.436234474182129,4.652406944315844,4.37984171434331,4.652406944315844,17183000
2023-09-27,4.342247009277344,4.4926281665640415,4.238860495844453,4.464431559519703,13740600
2023-09-28,4.398639678955078,4.4550324436400315,4.2858541495851705,4.342246914270125,9835700
2023-09-29,4.436234474182129,4.605413201868403,4.398639300956249,4.511425268803704,12700200
2023-10-02,4.323448657989502,4.44563318667874,4.2858534873420115,4.408038016031249,6898900
2023-10-03,4.04148530960083,4.314050549978997,3.994491117189491,4.267056357567658,18931700
2023-10-04,4.04148530960083,4.210663595575951,4.0038901349396925,4.060282896931399,14698600
2023-10-05,4.107276916503906,4.182467270866562,3.994491384959923,4.022687991930851,11398100
2023-10-06,3.900503396987915,4.013288927230154,3.806515455119382,3.994491338856448,26459300
2023-10-09,3.928699493408203,3.9944912757618987,3.7501224066786856,3.797116376870664,15000800
2023-10-10,4.003890037536621,4.041485211283177,3.9005030856486806,3.9662944156202427,13397200
2023-10-11,3.8817052841186523,4.107276314124001,3.8535086812830848,4.032085970788884,13652800
2023-10-13,3.6937294006347656,3.8723064756735632,3.684330607211671,3.86290790633538,16261500
2023-10-16,3.6655330657958984,3.7407234141125607,3.6373364610922363,3.7313246205729778,11355100
2023-10-17,3.599741220474243,3.703128171585802,3.5903424271081845,3.6185388072063613,11430200
2023-10-18,3.496354579925537,3.637336483903433,3.4869557863270106,3.571544928713748,11960000
2023-10-19,3.5527472496032715,3.609140009735488,3.496354489471055,3.496354489471055,8805900
2023-10-20,3.5527472496032715,3.590342423024749,3.515152076181794,3.5339496628925327,6525400
2023-10-23,3.5809438228607178,3.656134397845102,3.5151522658236884,3.533949853548554,8931300
2023-10-24,3.6279375553131104,3.6561341591444383,3.5433484160738473,3.6373363485619175,7351300
2023-10-25,3.5151522159576416,3.6185389469777554,3.468158247312135,3.6185389469777554,9614900
2023-10-26,3.646735668182373,3.656134462210269,3.5245511217348025,3.5245511217348025,8535400
2023-10-27,3.4775569438934326,3.674931830775682,3.4681581504268926,3.6279376393580702,6792500
2023-10-30,3.3083784580230713,3.5151521396601275,3.2895808709728764,3.5151521396601275,11633500
2023-10-31,3.3459737300872803,3.364771317687833,3.24258699828424,3.3083785548861746,12173900
2023-11-01,3.3083784580230713,3.392967599748948,3.2613844903975844,3.3647712191736554,12044300
2023-11-03,3.637336492538452,3.637336492538452,3.40236642793256,3.40236642793256,24677600
2023-11-06,3.4869558811187744,3.721925951554434,3.4869558811187744,3.665533188430257,9487800
2023-11-07,3.646735668182373,3.684330844293956,3.4211643874279485,3.449360769511636,14444200
2023-11-08,3.6561343669891357,3.8253128791700646,3.6185389677717694,3.693729542121582,11369000
2023-11-09,3.6185388565063477,3.7971161569793654,3.6185388565063477,3.6843306350500358,12169400
2023-11-10,3.5809438228607178,3.740723542606997,3.3647713399398422,3.6279377921728817,26575700
2023-11-13,3.7031280994415283,3.71252689262448,3.5057532185146334,3.5903423571612003,11054700
2023-11-14,3.8347113132476807,3.9005030914875523,3.6937294114870522,3.7313245852898866,15540000
2023-11-16,4.04148530960083,4.060282896931399,3.8347114007947383,3.872306575455876,12791200
2023-11-17,4.003890037536621,4.126074128128017,3.975693433141793,4.041485211283177,10231700
2023-11-20,4.088479042053223,4.116675647052689,3.94749691339556,4.003890123394491,8048600
2023-11-21,3.900503396987915,4.088479280724981,3.862908220240502,4.088479280724981,9572000
2023-11-22,3.9193007946014404,4.107276669189346,3.9193007946014404,3.9286993642459174,8667200
2023-11-23,3.853508710861206,3.9380980718473877,3.825312555979013,3.919300485869325,5937400
2023-11-24,3.759521007537842,3.8817055478435805,3.6937294526497055,3.8817055478435805,9250600
2023-11-27,3.778318405151367,3.834711163655739,3.712526853562933,3.797115991319491,12350100
2023-11-28,3.787717580795288,3.8253127547044867,3.6749318349827793,3.778318563233076,10197000
2023-11-29,3.7689201831817627,3.8441105347775344,3.731324783298953,3.8065153589796488,10952600
2023-11-30,3.8817052841186523,3.891103852950643,3.740723166280411,3.797115923781748,8521300
2023-12-01,4.0602827072143555,4.079080293666606,3.8441102389285717,3.9005029982853223,9414600
2023-12-04,3.966294527053833,4.0602829122306625,3.9568959574380513,4.0602829122306625,6284000
2023-12-05,3.8817052841186523,4.050883556622663,3.7877173549497574,3.94749661045198,29846000
2023-12-06,3.7689201831817627,3.947497044136797,3.7595211651473677,3.9193008863733065,9142600
2023-12-07,3.9193007946014404,3.985092126622289,3.7689200949311163,3.7689200949311163,12854800
2023-12-08,4.022687911987305,4.060283088421498,3.8723067580806796,3.9005033644912515,16413100
2023-12-11,3.8723065853118896,4.01328871473491,3.8723065853118896,4.01328871473491,5999200
2023-12-12,3.938098192214966,3.9662943479589714,3.8817054325571396,3.8817054325571396,4702800
2023-12-13,4.154270648956299,4.173068235451448,3.872306403359247,3.956895766672325,13530900
2023-12-14,3.9474968910217285,4.445633623276816,3.9380983215217316,4.210663559569098,21645100
2023-12-15,3.6937294006347656,3.9944910142587045,3.6655330203654817,3.985091996750699,27631000
2023-12-18,3.6279375553131104,3.7689199022150293,3.5809435890690753,3.7501220916325084,19765500
2023-12-19,3.533949613571167,3.684330529243204,3.5245508203469713,3.656134149570617,23051400
2023-12-20,3.6937294006347656,3.825312732643001,3.4963545146648674,3.552747275203435,29840700
2023-12-21,3.7313246726989746,3.797116228395151,3.684330704344563,3.7313246726989746,10355200
2023-12-22,3.797116279602051,3.834711454792579,3.6843307540304666,3.759521104411523,8737700
2023-12-26,3.9099016189575195,3.9099016189575195,3.815913685457544,3.815913685457544,9817500
2023-12-27,3.8347113132476807,3.9193006783889697,3.806515156980467,3.9099016608533494,9094100
2023-12-28,3.71252703666687,3.8911041140715708,3.71252703666687,3.815913765690644,12054700
2024-01-02,3.533949613571167,3.7031281156915954,3.4869556474501886,3.7031281156915954,16176400
2024-01-03,3.4869558811187744,3.58094381965907,3.477557087264745,3.5245510565348925,12606600
2024-01-04,3.4399616718292236,3.486955637820421,3.374169895356642,3.4775568446221814,10867900
2024-01-05,3.5057532787323,3.5903424188318387,3.4305629319771542,3.449360518665941,8829300
2024-01-08,3.6279375553131104,3.6843305388908596,3.449360483585777,3.477556863332198,10396000
2024-01-09,3.6185388565063477,3.6561342545677036,3.5715448890357937,3.599741269518126,4890500
2024-01-10,3.5151522159576416,3.5903425657904515,3.421164278666629,3.5151522159576416,20170400
2024-01-11,3.4023663997650146,3.5715449076244368,3.3835688126789583,3.515152146366267,13878700
2024-01-12,3.4117655754089355,3.5903426609972726,3.392967763367344,3.392967763367344,17045900
2024-01-15,3.4211642742156982,3.4493606553663185,3.3835688752632866,3.4211642742156982,5823600
2024-01-16,3.3083784580230713,3.4211642044091533,3.2895808709728764,3.411765410884056,17538500
2024-01-17,3.2989795207977295,3.3459734863762063,3.2707831414506434,3.2989795207977295,15658500
2024-01-18,3.355372428894043,3.411765414184087,3.270783287086348,3.336574841825666,17752300
2024-01-19,3.3365747928619385,3.3929675532395134,3.280182032484363,3.383568759843251,13320200
2024-01-22,3.251985788345337,3.3741701076084407,3.204991819397989,3.3459737262400324,14772000
2024-01-23,3.3083784580230713,3.411765410884056,3.2613844903975844,3.2895808709728764,12312800
2024-01-24,3.2237892150878906,3.3741699067683197,3.1955928353978105,3.355372320308266,16015400
2024-01-25,3.2237892150878906,3.317777147388159,3.1955928353978105,3.2519855947779712,13316000
2024-01-26,3.1955928802490234,3.2613844337826174,3.1485986893544036,3.2519856404206755,14441600
2024-01-29,3.176795482635498,3.261384627928454,3.157997670707696,3.1955930704783775,9381100
2024-01-30,3.0170156955718994,3.167396395009555,2.9888193144273387,3.1579976012947015,30607500
2024-01-31,3.0828073024749756,3.2237894346104,3.0452121269948416,3.0546109208648753,22224800
2024-02-01,3.0452120304107666,3.120402378986245,2.9606228882633534,3.0922059982704404,12340500
2024-02-02,2.9512240886688232,3.073408404854633,2.9324262774784002,3.054610817749124,12210500
2024-02-05,2.9042301177978516,2.9606231074901355,2.8478373521904983,2.9512243132222435,19364200
2024-02-06,2.9700214862823486,3.0076166580947366,2.894830918572673,2.894830918572673,10912100
2024-02-07,3.251985788345337,3.308378551082154,2.913628763754594,2.932426351333533,28745300
2024-02-08,3.355372428894043,3.4399617947866523,3.176795351744464,3.204991732347029,22931100
2024-02-09,3.317777395248413,3.3647713649093123,3.186194280197895,3.3365749831127727,15890800
2024-02-14,3.3365747928619385,3.383568759843251,3.242586858899313,3.280182032484363,6569100
2024-02-15,3.3365747928619385,3.468158124494524,3.242586858899313,3.3553723796544634,13015300
2024-02-16,3.3365747928619385,3.383568759843251,3.2519856522955757,3.3365747928619385,13368200
2024-02-19,3.280182123184204,3.32717609146494,3.270783329528057,3.317777297808793,24633600
2024-02-20,3.543348550796509,3.6749318853676813,3.345973660982208,3.402366422619175,33097800
2024-02-21,3.543348550796509,3.5715449316149925,3.421164233916413,3.5621461380088313,10921100
2024-02-22,3.609140157699585,3.6655331442286565,3.4681582515892018,3.580943776477508,9370700
2024-02-23,3.5809438228607178,3.6655331917075347,3.5433486474109865,3.6091402044480163,8539800
2024-02-26,3.6279375553131104,3.6749317456420525,3.5057532430786194,3.5809435890690753,6208200
2024-02-27,3.891104221343994,3.9099018089574495,3.646735582369074,3.6655331699825293,14739000
2024-02-28,3.8347113132476807,3.891104073951932,3.7595209656420123,3.853508900149098,10386500
2024-02-29,3.9193007946014404,3.9944911444366027,3.731324695928617,3.7971162520343835,12749100
2024-03-01,3.938098192214966,4.022687555786613,3.8629078460045307,3.919300605662357,14528900
2024-03-04,3.71252703666687,3.966294462452497,3.6749318624764067,3.9568958929897953,15884800
2024-03-05,3.7031280994415283,3.853508790368758,3.6561341335267685,3.740723272173336,12300200
2024-03-06,3.71252703666687,3.759521004404949,3.627937670653414,3.7407234173097175,8788400
2024-03-07,3.750122308731079,3.797116277695645,3.6843307521806867,3.7219259273523395,6568400
2024-03-08,3.928699493408203,3.9850922576385774,3.505753537595472,3.5809438899026373,45346100
2024-03-11,3.9099016189575195,4.0414851740273035,3.825312702892451,3.9193006363924265,18471100
2024-03-12,4.182466983795166,4.24825876343168,3.8629079996874043,3.909901743853629,29341900
2024-03-13,4.191865921020508,4.417436964293625,4.097877986323375,4.173068334081081,20200300
2024-03-14,4.229461193084717,4.238860210857537,4.050883888929649,4.173068430957301,14478800
2024-03-15,4.0602827072143555,4.445633453570391,4.050883689903324,4.229460985284607,26498900
2024-03-18,4.126074314117432,4.229461270665705,4.069681550955603,4.107276726396822,9339700
2024-03-19,4.342247009277344,4.398639775196156,4.069681749918151,4.135473534241698,12265000
2024-03-20,4.690001964569092,4.755793739653375,4.248258469488338,4.351645416572268,38578400
2024-03-21,4.5678181648254395,4.7275978798839375,4.492627816131988,4.718198862212342,15680000
2024-03-22,4.643008232116699,4.671204387082923,4.4456333546739195,4.530222715912197,11197300
2024-03-25,4.5584187507629395,4.718198451927317,4.5584187507629395,4.605412938694742,8926300
2024-03-26,4.4174370765686035,4.605413398910358,4.4080385069449255,4.539621618865268,10881700
2024-03-27,4.201264381408691,4.455032022592172,4.201264381408691,4.41743684968868,14276800
2024-03-28,4.088479042053223,4.229461170710885,3.9944911056713917,4.191865996158153,17416100
2024-04-01,3.8817052841186523,4.135472916959569,3.8535086812830848,4.11667533112579,9395200
2024-04-02,3.8347113132476807,3.9286992477547664,3.7501221721913036,3.853508900149098,12932400
2024-04-03,3.862907886505127,4.0414851847121085,3.78771753950636,3.853508869045371,17841800
2024-04-04,3.8159139156341553,4.013288811974702,3.7501223582156142,3.9005032849714882,13744900
2024-04-05,3.71252703666687,3.881705544608869,3.7031282431192545,3.815913765690644,9149600
2024-04-08,3.7407233715057373,3.797116132100921,3.599741245932868,3.7125269912081458,17419700
2024-04-09,3.797116279602051,3.872306629983107,3.768920122294075,3.768920122294075,8214700
2024-04-10,3.5621461868286133,3.7595210793479685,3.543348599358667,3.7595210793479685,19228400
2024-04-11,3.533949613571167,3.6091399593647324,3.50575323389858,3.562145993243754,7850600
2024-04-12,3.4399616718292236,3.5997411561992942,3.374169895356642,3.515152017415139,15072500
2024-04-15,3.3741700649261475,3.4399618447051066,3.317777302902683,3.4023664459378797,14693900
2024-04-16,3.392967700958252,3.4775570692922697,3.2049918248491456,3.3083785567091537,15063700
2024-04-17,3.327176094055176,3.4399618421016633,3.2801821257378543,3.4399618421016633,13113100
2024-04-18,3.289580821990967,3.3553723756870113,3.2707832352206685,3.308378408761265,9520300
2024-04-19,4.511425495147705,4.924972421380559,4.351645776836456,4.830984483600365,104736100
2024-04-22,5.018960952758789,5.141145051328499,4.370443491029406,4.539621783935825,55862300
2024-04-23,4.840383529663086,5.2163357311439755,4.840383529663086,5.094151187232964,54267100
2024-04-24,4.3798418045043945,4.887377101671435,4.3798418045043945,4.849781927671641,36198600
2024-04-25,4.511425495147705,4.624211020483938,4.238860251500223,4.361044346529556,21647000
2024-04-26,4.511425495147705,4.511425495147705,4.511425495147705,4.511425495147705,0
2024-04-29,4.539621353149414,4.765192837122266,4.520823766832494,4.708800078171506,10384600
2024-04-30,4.426836013793945,4.605413315092089,4.408038426718869,4.473830205566551,12032900
2024-05-02,4.570511817932129,4.570511817932129,4.448255224709551,4.542298585483028,9101500
2024-05-03,4.579916000366211,4.7491945008010665,4.551703215916484,4.645746578139113,10754500
2024-05-06,4.768002986907959,4.768002986907959,4.514085694613104,4.579915821379184,10550700
2024-05-07,4.84323787689209,4.984303144847029,4.777407298930685,4.796215971429068,13606800
2024-05-08,4.551702976226807,4.796215705129763,4.523489744828646,4.749194250711629,13725800
2024-05-09,4.485872745513916,4.551703324862488,4.420042166165345,4.467064072619201,7925100
2024-05-10,4.250763893127441,4.485872516527043,4.2319552211928375,4.382424596669667,13915000
2024-05-13,4.231955528259277,4.354212128922073,4.213146854959935,4.269572874857961,6573400
2024-05-14,4.137911796569824,4.278977058082202,4.109698564893707,4.2225505947299675,8781100
2024-05-15,4.1661248207092285,4.3165946509589475,4.100294690381974,4.109698802528382,8529500
2024-05-16,4.137911796569824,4.278977058082202,4.137911796569824,4.2225505947299675,6308900
2024-05-17,4.184933185577393,4.26016831938475,4.090889828860818,4.147315842890763,8363900
2024-05-20,4.203742027282715,4.241359819927951,4.090889994649353,4.184933355177154,6755600
2024-05-21,4.081485748291016,4.269572463147426,4.062677076805374,4.147315874273709,8048800
2024-05-22,3.827568531036377,4.0626771532476855,3.7711425155177563,4.043868481408145,12214600
2024-05-23,3.724120616912842,3.8745899918397093,3.6959076091140544,3.8369726481079924,7639100
2024-05-24,3.6018640995025635,3.7429293656091795,3.5830554272506228,3.7147163572312683,6464400
2024-05-27,3.573651075363159,3.6206727557856233,3.5266293949406946,3.573651075363159,7200100
2024-05-28,3.573651075363159,3.6865033325941314,3.5454380671096803,3.6206727557856233,10797000
2024-05-29,3.470203399658203,3.6018641056463663,3.441990391232168,3.5454380887942962,6975400
2024-05-31,3.5266294479370117,3.5924598015177254,3.3949685165585226,3.470203430582114,9352000
2024-06-03,3.5172250270843506,3.583055379081141,3.4137773310893946,3.5360336990834336,8260900
2024-06-04,3.4796078205108643,3.545438175107578,3.3761598962132484,3.5078208296237414,10013500
2024-06-05,3.3291380405426025,3.5266293182386983,3.291520697022785,3.4796076388389263,12910800
2024-06-06,3.45139479637146,3.5266294870115797,3.329138199864201,3.338542536194216,8159700
2024-06-07,3.3385424613952637,3.4607990551634034,3.3291381252759495,3.385564141991833,6145900
2024-06-10,3.3291380405426025,3.36675538406242,3.2727120252628765,3.3479467123025115,6064000
2024-06-11,3.385564088821411,3.4419903288681772,3.319733737020082,3.3291380729917006,6344100
2024-06-12,3.291520833969116,3.4890121198819934,3.2162861437992825,3.470203447339535,11017100
2024-06-13,3.178668737411499,3.338542450939119,3.15985984101472,3.3009251065796787,6507200
2024-06-14,3.291520833969116,3.357351187867721,3.131646893141156,3.1786687987143654,13302400
2024-06-17,3.2068817615509033,3.2727121145056963,3.1880730892781055,3.2633077783692976,5623100
2024-06-18,3.1222424507141113,3.225690370397481,3.0846251069081787,3.2068816984945148,6484500
2024-06-19,3.18807315826416,3.244499176303545,3.0752208979683253,3.1316469160077105,7812200
2024-06-20,3.2256903648376465,3.3291380601256573,3.1692641250089495,3.2539033726434674,9482000
2024-06-21,3.2444992065429688,3.2915208886807084,3.188073187977681,3.2350948701154207,8129600
2024-06-24,3.263307809829712,3.3103294909650267,3.22569046492146,3.2350948011485228,5179800
2024-06-25,3.2256903648376465,3.300925052319836,3.131646781267855,3.263307708578741,7332800
2024-06-26,3.094029426574707,3.2256903534195485,3.0564120829667676,3.2162860175175636,8454400
2024-06-27,3.3949685096740723,3.404372845880818,3.084625190634401,3.1034338630478926,18771300
2024-06-28,3.4137773513793945,3.4796077037674515,3.2633077502753496,3.3667554468851533,11352200
2024-07-01,3.4796078205108643,3.6488860994051944,3.366755559842289,3.4043729053261256,8327700
2024-07-02,3.460798978805542,3.5266293301882814,3.3855640672939282,3.489011986541002,5784700
2024-07-03,3.536033868789673,3.5924598874949973,3.451394840731686,3.489012186535236,6736000
2024-07-04,3.573651075363159,3.6206727557856233,3.4890120506027236,3.564246739278666,4745200
2024-07-05,3.5266294479370117,3.63007714642099,3.4890121030337466,3.583055465291909,8507800
2024-07-08,3.5172250270843506,3.5360336990834336,3.4325860030884776,3.526629363083892,6731000
2024-07-09,3.6959075927734375,3.724120600447488,3.489011978946682,3.4984163148380323,6107900
2024-07-10,3.733525037765503,3.799355390793331,3.639481452080117,3.6959076931781722,9505600
2024-07-11,3.7899513244628906,3.8745901265856677,3.771142651942926,3.780546763985846,4938500
2024-07-12,3.855781316757202,3.9028032205996754,3.761737957506365,3.7711425176485034,4708100
2024-07-15,3.9874420166015625,3.9968465767363734,3.8181639700819483,3.8651858738877847,7501400
2024-07-16,3.827568531036377,4.025059809568605,3.827568531036377,3.978037905752699,5904200
2024-07-17,3.836972713470459,3.902803290339436,3.789951257221862,3.808759929408124,5825500
2024-07-18,3.6865034103393555,3.855781463430157,3.6676947377737106,3.827568678798753,6985200
2024-07-19,3.6865034103393555,3.733525091753467,3.5924598232940688,3.6865034103393555,6541000
2024-07-22,3.658290386199951,3.733525076148063,3.6018641445218047,3.6865033949304933,5730700
2024-07-23,3.5266294479370117,3.658290379315501,3.5266294479370117,3.6488860430896843,6740700
2024-07-24,3.3291380405426025,3.5266293182386983,3.3291380405426025,3.5266293182386983,11047600
2024-07-25,3.357351064682007,3.4231816403822624,3.291520713198806,3.291520713198806,4668700
2024-07-26,3.4890120029449463,3.5924596984613353,3.394968419167537,3.4325859872087343,11461500
2024-07-29,3.3385424613952637,3.5548424163565424,3.3385424613952637,3.498416399640659,4123900
2024-07-30,3.253903388977051,3.4137773248962757,3.225690381029609,3.329138076836895,7584500
2024-07-31,3.291520833969116,3.3291381790540333,3.235094816341741,3.272712161426658,7166700
2024-08-01,3.2162861824035645,3.3573512281651716,3.159859939881856,3.310329546244636,9995000
2024-08-02,3.4137773513793945,3.4137773513793945,3.2256904060536025,3.2350947421090392,8213100
2024-08-05,3.5078208446502686,3.517225181061513,3.225690528095861,3.225690528095861,8884000
2024-08-06,3.3291380405426025,3.5548423258785613,3.3291380405426025,3.5078206464787898,6188400
2024-08-07,3.4890120029449463,3.4890120029449463,3.357351075343396,3.385564083211502,6367400
2024-08-08,3.733525037765503,3.733525037765503,3.4607990652902973,3.4984164098776276,9388000
2024-08-09,3.7899513244628906,3.836972781545739,3.6206728233490857,3.7335250826859347,7619100
2024-08-12,3.724120616912842,3.9404205675872683,3.714716280979913,3.8463772082579766,10347500
2024-08-13,3.564246892929077,3.7805468564139035,3.564246892929077,3.7429295104542932,10367900
2024-08-14,3.5924596786499023,3.6300770222665943,3.5172249914165183,3.5736510068415566,9159200
2024-08-15,3.2444992065429688,3.4231818228834463,3.225690533687873,3.4043729258112836,43093200
2024-08-16,3.545438051223755,4.2037420226227304,3.526629379139045,3.7241206602455605,80663200
2024-08-19,4.391829490661621,4.391829490661621,3.4137775788557008,3.5924599758154603,55785700
2024-08-20,4.523489952087402,4.655150658298392,4.2601685396654245,4.561107296719114,41362400
2024-08-21,4.84323787689209,4.965494472348645,4.438850745525655,4.495277211454931,37073100
2024-08-22,4.768002986907959,4.927876472221374,4.711576971779558,4.758598426836173,24888800
2024-08-23,4.937281131744385,5.012515820097698,4.76800308294943,4.7962158668648645,31209200
2024-08-26,4.946685791015625,5.031324592890126,4.852641980257542,4.984303135945209,21505700
2024-08-27,4.965494632720947,5.0689421105860735,4.890259491863392,4.946685959615094,15696800
2024-08-28,4.984302997589111,4.984302997589111,4.852641845556143,4.927876533326918,18743200
2024-08-29,4.852642059326172,4.984303217159117,4.78681192884383,4.984303217159117,14005800
2024-08-30,4.570511817932129,4.918472477011051,4.570511817932129,4.862046460546964,41235700
2024-09-02,4.6269378662109375,4.720981227631054,4.523489944431749,4.523489944431749,10815800
2024-09-03,4.561107158660889,4.777407107963196,4.485872471674713,4.655150517393608,12819700
2024-09-04,4.673959255218506,4.8620464237771435,4.655150583206053,4.720981159466693,17206100
2024-09-05,4.6363420486450195,4.786811877639659,4.6363420486450195,4.702172626857307,9462100
2024-09-06,4.561107158660889,4.664555077483933,4.5234898151678005,4.664555077483933,10887000
2024-09-09,4.561107158660889,4.645746405737389,4.561107158660889,4.579915830407432,6177600
2024-09-10,4.391829490661621,4.579916224303473,4.344807583034085,4.542298877575102,11454500
2024-09-11,4.4388508796691895,4.5893207126376305,4.307190168201674,4.4388508796691895,17504700
2024-09-12,4.391829490661621,4.495277418381712,4.382424929762456,4.429446837389992,7884600
2024-09-13,4.467063903808594,4.579915936912202,4.420041999131699,4.420041999131699,6047800
2024-09-16,4.278977394104004,4.467064125267946,4.278977394104004,4.467064125267946,11426200
2024-09-17,4.4388508796691895,4.46706411348644,4.231955475934522,4.260168709751773,15868600
2024-09-18,4.391829490661621,4.626938131931008,4.335403470569066,4.401233603126641,9855100
2024-09-19,4.363615989685059,4.48587258329676,4.325998645255938,4.48587258329676,10395300
2024-09-20,4.325998783111572,4.495277286871094,4.288381437483708,4.373020689363469,9776700
2024-09-23,4.373020648956299,4.420042106339579,4.241359940475333,4.297785958395747,6502400
2024-09-24,4.429446697235107,4.485872715542253,4.373020678927963,4.429446697235107,9730400
2024-09-25,4.485872745513916,4.551703324862488,4.401233493270629,4.43885083906006,7627000
2024-09-26,4.429446697235107,4.608129312758131,4.410638024466059,4.532894621681939,8823700
2024-09-27,4.617533206939697,4.617533206939697,4.40123325608973,4.4106378162473465,7244400
2024-09-30,4.4388508796691895,4.720981424105146,4.429446767352864,4.6081293857044185,6288700
2024-10-01,4.589320659637451,4.598724771845172,4.457659501256298,4.476468622540005,9459400
2024-10-02,4.579916000366211,4.730385828356541,4.579916000366211,4.645746578139113,9760900
2024-10-03,4.51408576965332,4.608129129763991,4.485872537403062,4.5611072254915985,6021300
2024-10-04,4.64574670791626,4.64574670791626,4.47646865118681,4.504681436424651,3428500
2024-10-07,4.523489952087402,4.711577123680079,4.523489952087402,4.655150658298392,5168000
2024-10-08,4.532894611358643,4.561107396230897,4.495277265906217,4.495277265906217,3383800
2024-10-09,4.4388508796691895,4.551703366504055,4.4388508796691895,4.5234901326868036,5965300
2024-10-10,4.467063903808594,4.514085808485489,4.420041999131699,4.467063903808594,3224300
2024-10-11,4.589320659637451,4.655150790393894,4.457659501256298,4.467064061898151,5983400
2024-10-14,4.683363914489746,4.871450638592096,4.570511880028336,4.608129224848806,11090700
2024-10-15,4.720981121063232,4.796215808501035,4.645746433625429,4.739789792922683,5692400
2024-10-16,4.655150890350342,4.7585988174613245,4.655150890350342,4.730386031798238,5479400
2024-10-17,4.683363914489746,4.683363914489746,4.5611073196061565,4.626937897259041,3685400
2024-10-18,4.64574670791626,4.711577287528114,4.5987248012743445,4.692768166124039,4377300
2024-10-21,4.598724842071533,4.692768207755525,4.598724842071533,4.664555422267397,4735000
2024-10-22,4.4576592445373535,4.617533178768577,4.4576592445373535,4.570511723569698,6228200
2024-10-23,4.410637855529785,4.4670638716757,4.38242462323977,4.438850639385686,3508900
2024-10-24,4.495277404785156,4.504681517221732,4.410638150685253,4.4482554972998445,3673500
2024-10-25,4.570511817932129,4.60812916224152,4.504681241173637,4.504681241173637,4477400
2024-10-28,4.673959255218506,4.692767927230958,4.589320455379526,4.589320455379526,4657500
2024-10-29,4.6363420486450195,4.7397899719974355,4.608129264006986,4.702172626857307,3571400
2024-10-30,4.692768096923828,4.702172657487185,4.608129294024267,4.617533406153494,3625400
2024-10-31,4.64574670791626,4.711577287528114,4.636342147214222,4.692768166124039,3141500
2024-11-01,4.692768096923828,4.702172657487185,4.617533406153494,4.664555312102018,3767400
2024-11-04,4.918472766876221,4.918472766876221,4.711577360981402,4.720981473395914,6805200
2024-11-05,5.1065592765808105,5.1065592765808105,4.87145064683785,4.918472552160092,8525600
2024-11-06,5.501541614532471,5.567372189523509,4.946685576648964,5.0407289348975155,28766700
2024-11-07,4.702172756195068,5.548563941997008,4.702172756195068,5.548563941997008,32614300
2024-11-08,4.598724842071533,4.702172768540994,4.448255456977146,4.702172768540994,19680100
2024-11-11,4.683363914489746,4.768003164552865,4.589320552438571,4.598724664426627,11188000
2024-11-12,4.6269378662109375,4.702172555347031,4.5893205216428905,4.702172555347031,8727000
2024-11-13,4.551702976226807,4.692767787915308,4.54229841628272,4.655150445007162,8309000
2024-11-14,4.300000190734863,4.590000152587891,4.300000190734863,4.590000152587891,13209900
2024-11-18,4.300000190734863,4.400000095367432,4.21999979019165,4.309999942779541,7021000
2024-11-19,4.28000020980835,4.389999866485596,4.230000019073486,4.300000190734863,16186600
2024-11-21,4.139999866485596,4.309999942779541,4.139999866485596,4.289999961853027,10168300
2024-11-22,4.300000190734863,4.300000190734863,4.150000095367432,4.159999847412109,4504500
2024-11-25,4.480000019073486,4.510000228881836,4.269999980926514,4.300000190734863,3899200
2024-11-26,4.5,4.599999904632568,4.329999923706055,4.480000019073486,16687100
2024-11-27,4.289999961853027,4.539999961853027,4.289999961853027,4.460000038146973,11464600
2024-11-28,4.139999866485596,4.269999980926514,4.119999885559082,4.25,9987800
2024-11-29,4.300000190734863,4.340000152587891,4.119999885559082,4.159999847412109,14353200
2024-12-02,4.400000095367432,4.510000228881836,4.230000019073486,4.260000228881836,7085000
2024-12-03,4.21999979019165,4.5,4.21999979019165,4.369999885559082,5786500
2024-12-04,4.119999885559082,4.309999942779541,4.119999885559082,4.21999979019165,4822600
2024-12-05,4.199999809265137,4.269999980926514,4.150000095367432,4.210000038146973,6549900
2024-12-06,3.990000009536743,4.21999979019165,3.990000009536743,4.199999809265137,6327700
2024-12-09,3.809999942779541,4.099999904632568,3.75,3.9800000190734863,10485900
2024-12-10,4.099999904632568,4.139999866485596,3.799999952316284,3.9000000953674316,10448200
2024-12-11,4.360000133514404,4.360000133514404,4.079999923706055,4.099999904632568,7306600
2024-12-12,3.9000000953674316,4.349999904632568,3.9000000953674316,4.210000038146973,13734700
2024-12-13,3.9000000953674316,4.03000020980835,3.869999885559082,3.9000000953674316,6681000
2024-12-16,3.890000104904175,3.990000009536743,3.880000114440918,3.9600000381469727,5305200
2024-12-17,3.9200000762939453,3.9600000381469727,3.7799999713897705,3.869999885559082,4236600
2024-12-18,3.75,3.940000057220459,3.6700000762939453,3.880000114440918,8819700
2024-12-19,3.7699999809265137,3.8399999141693115,3.700000047683716,3.740000009536743,5531100
2024-12-20,3.930000066757202,3.950000047683716,3.7300000190734863,3.7799999713897705,12942600
2024-12-23,3.9200000762939453,3.9200000762939453,3.759999990463257,3.890000104904175,5525300
2024-12-26,4.0,4.050000190734863,3.819999933242798,3.9000000953674316,11993800
2024-12-27,4.150000095367432,4.179999828338623,3.990000009536743,4.03000020980835,8916400
2024-12-30,4.070000171661377,4.179999828338623,3.950000047683716,4.090000152587891,4733200
